"","database_id","target_id","comparator_id","analysis_id","preference_score","target_density","comparator_density"
"1.1","CDMPv535_ABMI",3606,3610,1,0,0.000339634423006832,8.7252214165023e-14
"1.2","CDMPv535_ABMI",3606,3610,1,0.0101010101010101,0.00056593310006038,9.23283296497465e-13
"1.3","CDMPv535_ABMI",3606,3610,1,0.0202020202020202,0.000929063567363445,8.84381857737123e-12
"1.4","CDMPv535_ABMI",3606,3610,1,0.0303030303030303,0.00149779443773905,7.87251178598897e-11
"1.5","CDMPv535_ABMI",3606,3610,1,0.0404040404040404,0.00236911976325484,6.35601008671847e-10
"1.6","CDMPv535_ABMI",3606,3610,1,0.0505050505050505,0.00367906512992231,4.63755497289399e-09
"1.7","CDMPv535_ABMI",3606,3610,1,0.0606060606060606,0.00563108304615494,3.06546386640522e-08
"1.8","CDMPv535_ABMI",3606,3610,1,0.0707070707070707,0.008460119068795,1.83949247417601e-07
"1.9","CDMPv535_ABMI",3606,3610,1,0.0808080808080808,0.0124822796426019,1.00381582101212e-06
"1.10","CDMPv535_ABMI",3606,3610,1,0.0909090909090909,0.0181105928055902,4.98900960982207e-06
"1.11","CDMPv535_ABMI",3606,3610,1,0.101010101010101,0.0258632184422701,2.26114830661631e-05
"1.12","CDMPv535_ABMI",3606,3610,1,0.111111111111111,0.0362888188721103,9.37912072121982e-05
"1.13","CDMPv535_ABMI",3606,3610,1,0.121212121212121,0.0500458566785822,0.00035809723615764
"1.14","CDMPv535_ABMI",3606,3610,1,0.131313131313131,0.0679351966887795,0.00124561337947771
"1.15","CDMPv535_ABMI",3606,3610,1,0.141414141414141,0.0907250514838181,0.00395150500221596
"1.16","CDMPv535_ABMI",3606,3610,1,0.151515151515152,0.119143528727501,0.0114404357582658
"1.17","CDMPv535_ABMI",3606,3610,1,0.161616161616162,0.15390735770175,0.0302426301972826
"1.18","CDMPv535_ABMI",3606,3610,1,0.171717171717172,0.195790266256414,0.0730179462965282
"1.19","CDMPv535_ABMI",3606,3610,1,0.181818181818182,0.245073609576269,0.161066668528547
"1.20","CDMPv535_ABMI",3606,3610,1,0.191919191919192,0.301893466935123,0.324749340681626
"1.21","CDMPv535_ABMI",3606,3610,1,0.202020202020202,0.36611535588214,0.59956700815795
"1.22","CDMPv535_ABMI",3606,3610,1,0.212121212121212,0.437278199804354,1.01376358776423
"1.23","CDMPv535_ABMI",3606,3610,1,0.222222222222222,0.514256745571499,1.57275700327448
"1.24","CDMPv535_ABMI",3606,3610,1,0.232323232323232,0.595667897096836,2.24795737750889
"1.25","CDMPv535_ABMI",3606,3610,1,0.242424242424242,0.679759044839459,2.97700509282716
"1.26","CDMPv535_ABMI",3606,3610,1,0.252525252525253,0.764380901708344,3.67965099600817
"1.27","CDMPv535_ABMI",3606,3610,1,0.262626262626263,0.847215839689857,4.28074452341827
"1.28","CDMPv535_ABMI",3606,3610,1,0.272727272727273,0.925920785317455,4.72580934682392
"1.29","CDMPv535_ABMI",3606,3610,1,0.282828282828283,0.99808999703998,4.98110021345847
"1.30","CDMPv535_ABMI",3606,3610,1,0.292929292929293,1.06179826252615,5.02343297652965
"1.31","CDMPv535_ABMI",3606,3610,1,0.303030303030303,1.1155839574959,4.84278799161063
"1.32","CDMPv535_ABMI",3606,3610,1,0.313131313131313,1.15852571971802,4.44967245915645
"1.33","CDMPv535_ABMI",3606,3610,1,0.323232323232323,1.19018826052826,3.89060873266239
"1.34","CDMPv535_ABMI",3606,3610,1,0.333333333333333,1.21144947631764,3.24664550633492
"1.35","CDMPv535_ABMI",3606,3610,1,0.343434343434343,1.22369138465738,2.60990937345875
"1.36","CDMPv535_ABMI",3606,3610,1,0.353535353535354,1.22895670184337,2.05133727887537
"1.37","CDMPv535_ABMI",3606,3610,1,0.363636363636364,1.22995736352535,1.60085927613454
"1.38","CDMPv535_ABMI",3606,3610,1,0.373737373737374,1.22985034041522,1.25149893827439
"1.39","CDMPv535_ABMI",3606,3610,1,0.383838383838384,1.23180719467503,0.980068791730525
"1.40","CDMPv535_ABMI",3606,3610,1,0.393939393939394,1.23899083513957,0.769593222470085
"1.41","CDMPv535_ABMI",3606,3610,1,0.404040404040404,1.2540668392449,0.620265417655723
"1.42","CDMPv535_ABMI",3606,3610,1,0.414141414141414,1.27892713705041,0.54563380953942
"1.43","CDMPv535_ABMI",3606,3610,1,0.424242424242424,1.31465001011102,0.561834362345342
"1.44","CDMPv535_ABMI",3606,3610,1,0.434343434343434,1.36155142403687,0.676524829574922
"1.45","CDMPv535_ABMI",3606,3610,1,0.444444444444444,1.41834764642188,0.881781593366927
"1.46","CDMPv535_ABMI",3606,3610,1,0.454545454545455,1.48294589630877,1.15286111712204
"1.47","CDMPv535_ABMI",3606,3610,1,0.464646464646465,1.55237652390781,1.45358115360991
"1.48","CDMPv535_ABMI",3606,3610,1,0.474747474747475,1.62285225900474,1.74701323881866
"1.49","CDMPv535_ABMI",3606,3610,1,0.484848484848485,1.69012473178099,2.00777713302038
"1.50","CDMPv535_ABMI",3606,3610,1,0.494949494949495,1.74990156454325,2.2260754114259
"1.51","CDMPv535_ABMI",3606,3610,1,0.505050505050505,1.7978657959379,2.40099430473022
"1.52","CDMPv535_ABMI",3606,3610,1,0.515151515151515,1.83024917263565,2.52722508003899
"1.53","CDMPv535_ABMI",3606,3610,1,0.525252525252525,1.84431109123629,2.58647306021236
"1.54","CDMPv535_ABMI",3606,3610,1,0.535353535353535,1.83808027694074,2.55281720674795
"1.55","CDMPv535_ABMI",3606,3610,1,0.545454545454546,1.81019987213431,2.41012211444133
"1.56","CDMPv535_ABMI",3606,3610,1,0.555555555555556,1.76117487026114,2.16909641600876
"1.57","CDMPv535_ABMI",3606,3610,1,0.565656565656566,1.69237820051408,1.87055194572478
"1.58","CDMPv535_ABMI",3606,3610,1,0.575757575757576,1.60597860045677,1.56736618110172
"1.59","CDMPv535_ABMI",3606,3610,1,0.585858585858586,1.50473840391585,1.30155177365102
"1.60","CDMPv535_ABMI",3606,3610,1,0.595959595959596,1.39268332071749,1.08862574459539
"1.61","CDMPv535_ABMI",3606,3610,1,0.606060606060606,1.27382066608504,0.91847445598546
"1.62","CDMPv535_ABMI",3606,3610,1,0.616161616161616,1.1523694588763,0.769404757751801
"1.63","CDMPv535_ABMI",3606,3610,1,0.626262626262626,1.03269980252741,0.624392222585196
"1.64","CDMPv535_ABMI",3606,3610,1,0.636363636363636,0.91893722706583,0.479695104102317
"1.65","CDMPv535_ABMI",3606,3610,1,0.646464646464647,0.814923213449482,0.343179455281771
"1.66","CDMPv535_ABMI",3606,3610,1,0.656565656565657,0.724441141799409,0.226285218454045
"1.67","CDMPv535_ABMI",3606,3610,1,0.666666666666667,0.650593273106557,0.136705925428034
"1.68","CDMPv535_ABMI",3606,3610,1,0.676767676767677,0.595921559229074,0.075426653235951
"1.69","CDMPv535_ABMI",3606,3610,1,0.686868686868687,0.562608848624855,0.0379725631403542
"1.70","CDMPv535_ABMI",3606,3610,1,0.696969696969697,0.552888804708907,0.0175439411520429
"1.71","CDMPv535_ABMI",3606,3610,1,0.707070707070707,0.567312291574243,0.00780122991847255
"1.72","CDMPv535_ABMI",3606,3610,1,0.717171717171717,0.606201960274537,0.00434415108667776
"1.73","CDMPv535_ABMI",3606,3610,1,0.727272727272727,0.669284878217507,0.00509680839402536
"1.74","CDMPv535_ABMI",3606,3610,1,0.737373737373737,0.755547191748768,0.0100810899147655
"1.75","CDMPv535_ABMI",3606,3610,1,0.747474747474748,0.862253912179236,0.0211986528175566
"1.76","CDMPv535_ABMI",3606,3610,1,0.757575757575758,0.986153192126028,0.0418114677048262
"1.77","CDMPv535_ABMI",3606,3610,1,0.767676767676768,1.12312035660177,0.0760158316034682
"1.78","CDMPv535_ABMI",3606,3610,1,0.777777777777778,1.26781050330041,0.127345382073992
"1.79","CDMPv535_ABMI",3606,3610,1,0.787878787878788,1.41416749079628,0.19700305167706
"1.80","CDMPv535_ABMI",3606,3610,1,0.797979797979798,1.55582472531489,0.282167709255735
"1.81","CDMPv535_ABMI",3606,3610,1,0.808080808080808,1.68591974975338,0.375174337102164
"1.82","CDMPv535_ABMI",3606,3610,1,0.818181818181818,1.79820720941652,0.464120566991111
"1.83","CDMPv535_ABMI",3606,3610,1,0.828282828282828,1.8871676282863,0.535438152821732
"1.84","CDMPv535_ABMI",3606,3610,1,0.838383838383838,1.94819006812544,0.577225105228797
"1.85","CDMPv535_ABMI",3606,3610,1,0.848484848484849,1.97741310016294,0.582420522850837
"1.86","CDMPv535_ABMI",3606,3610,1,0.858585858585859,1.97399458383124,0.55073984918293
"1.87","CDMPv535_ABMI",3606,3610,1,0.868686868686869,1.93812192631511,0.488610161556729
"1.88","CDMPv535_ABMI",3606,3610,1,0.878787878787879,1.87135124495049,0.407137792522673
"1.89","CDMPv535_ABMI",3606,3610,1,0.888888888888889,1.77695551302388,0.318937332177502
"1.90","CDMPv535_ABMI",3606,3610,1,0.898989898989899,1.65994596913437,0.235125146060096
"1.91","CDMPv535_ABMI",3606,3610,1,0.909090909090909,1.52564822153298,0.163222468350611
"1.92","CDMPv535_ABMI",3606,3610,1,0.919191919191919,1.37967740073986,0.10665950070484
"1.93","CDMPv535_ABMI",3606,3610,1,0.929292929292929,1.22800964651179,0.0655295773029432
"1.94","CDMPv535_ABMI",3606,3610,1,0.939393939393939,1.07604725777242,0.0377742289116207
"1.95","CDMPv535_ABMI",3606,3610,1,0.94949494949495,0.928430818926004,0.0203736240717211
"1.96","CDMPv535_ABMI",3606,3610,1,0.95959595959596,0.789208161359955,0.0102481419945299
"1.97","CDMPv535_ABMI",3606,3610,1,0.96969696969697,0.661037861694317,0.00479085876367025
"1.98","CDMPv535_ABMI",3606,3610,1,0.97979797979798,0.545710534879786,0.00207600201646884
"1.99","CDMPv535_ABMI",3606,3610,1,0.98989898989899,0.444221005252489,0.000834444283260462
"1.100","CDMPv535_ABMI",3606,3610,1,1,0.356869360235874,0.000309279876861717
"2.1","CDMPv535_ABMI",3606,3610,2,0,0.000339634423006832,8.7252214165023e-14
"2.2","CDMPv535_ABMI",3606,3610,2,0.0101010101010101,0.00056593310006038,9.23283296497465e-13
"2.3","CDMPv535_ABMI",3606,3610,2,0.0202020202020202,0.000929063567363445,8.84381857737123e-12
"2.4","CDMPv535_ABMI",3606,3610,2,0.0303030303030303,0.00149779443773905,7.87251178598897e-11
"2.5","CDMPv535_ABMI",3606,3610,2,0.0404040404040404,0.00236911976325484,6.35601008671847e-10
"2.6","CDMPv535_ABMI",3606,3610,2,0.0505050505050505,0.00367906512992231,4.63755497289399e-09
"2.7","CDMPv535_ABMI",3606,3610,2,0.0606060606060606,0.00563108304615494,3.06546386640522e-08
"2.8","CDMPv535_ABMI",3606,3610,2,0.0707070707070707,0.008460119068795,1.83949247417601e-07
"2.9","CDMPv535_ABMI",3606,3610,2,0.0808080808080808,0.0124822796426019,1.00381582101212e-06
"2.10","CDMPv535_ABMI",3606,3610,2,0.0909090909090909,0.0181105928055902,4.98900960982207e-06
"2.11","CDMPv535_ABMI",3606,3610,2,0.101010101010101,0.0258632184422701,2.26114830661631e-05
"2.12","CDMPv535_ABMI",3606,3610,2,0.111111111111111,0.0362888188721103,9.37912072121982e-05
"2.13","CDMPv535_ABMI",3606,3610,2,0.121212121212121,0.0500458566785822,0.00035809723615764
"2.14","CDMPv535_ABMI",3606,3610,2,0.131313131313131,0.0679351966887795,0.00124561337947771
"2.15","CDMPv535_ABMI",3606,3610,2,0.141414141414141,0.0907250514838181,0.00395150500221596
"2.16","CDMPv535_ABMI",3606,3610,2,0.151515151515152,0.119143528727501,0.0114404357582658
"2.17","CDMPv535_ABMI",3606,3610,2,0.161616161616162,0.15390735770175,0.0302426301972826
"2.18","CDMPv535_ABMI",3606,3610,2,0.171717171717172,0.195790266256414,0.0730179462965282
"2.19","CDMPv535_ABMI",3606,3610,2,0.181818181818182,0.245073609576269,0.161066668528547
"2.20","CDMPv535_ABMI",3606,3610,2,0.191919191919192,0.301893466935123,0.324749340681626
"2.21","CDMPv535_ABMI",3606,3610,2,0.202020202020202,0.36611535588214,0.59956700815795
"2.22","CDMPv535_ABMI",3606,3610,2,0.212121212121212,0.437278199804354,1.01376358776423
"2.23","CDMPv535_ABMI",3606,3610,2,0.222222222222222,0.514256745571499,1.57275700327448
"2.24","CDMPv535_ABMI",3606,3610,2,0.232323232323232,0.595667897096836,2.24795737750889
"2.25","CDMPv535_ABMI",3606,3610,2,0.242424242424242,0.679759044839459,2.97700509282716
"2.26","CDMPv535_ABMI",3606,3610,2,0.252525252525253,0.764380901708344,3.67965099600817
"2.27","CDMPv535_ABMI",3606,3610,2,0.262626262626263,0.847215839689857,4.28074452341827
"2.28","CDMPv535_ABMI",3606,3610,2,0.272727272727273,0.925920785317455,4.72580934682392
"2.29","CDMPv535_ABMI",3606,3610,2,0.282828282828283,0.99808999703998,4.98110021345847
"2.30","CDMPv535_ABMI",3606,3610,2,0.292929292929293,1.06179826252615,5.02343297652965
"2.31","CDMPv535_ABMI",3606,3610,2,0.303030303030303,1.1155839574959,4.84278799161063
"2.32","CDMPv535_ABMI",3606,3610,2,0.313131313131313,1.15852571971802,4.44967245915645
"2.33","CDMPv535_ABMI",3606,3610,2,0.323232323232323,1.19018826052826,3.89060873266239
"2.34","CDMPv535_ABMI",3606,3610,2,0.333333333333333,1.21144947631764,3.24664550633492
"2.35","CDMPv535_ABMI",3606,3610,2,0.343434343434343,1.22369138465738,2.60990937345875
"2.36","CDMPv535_ABMI",3606,3610,2,0.353535353535354,1.22895670184337,2.05133727887537
"2.37","CDMPv535_ABMI",3606,3610,2,0.363636363636364,1.22995736352535,1.60085927613454
"2.38","CDMPv535_ABMI",3606,3610,2,0.373737373737374,1.22985034041522,1.25149893827439
"2.39","CDMPv535_ABMI",3606,3610,2,0.383838383838384,1.23180719467503,0.980068791730525
"2.40","CDMPv535_ABMI",3606,3610,2,0.393939393939394,1.23899083513957,0.769593222470085
"2.41","CDMPv535_ABMI",3606,3610,2,0.404040404040404,1.2540668392449,0.620265417655723
"2.42","CDMPv535_ABMI",3606,3610,2,0.414141414141414,1.27892713705041,0.54563380953942
"2.43","CDMPv535_ABMI",3606,3610,2,0.424242424242424,1.31465001011102,0.561834362345342
"2.44","CDMPv535_ABMI",3606,3610,2,0.434343434343434,1.36155142403687,0.676524829574922
"2.45","CDMPv535_ABMI",3606,3610,2,0.444444444444444,1.41834764642188,0.881781593366927
"2.46","CDMPv535_ABMI",3606,3610,2,0.454545454545455,1.48294589630877,1.15286111712204
"2.47","CDMPv535_ABMI",3606,3610,2,0.464646464646465,1.55237652390781,1.45358115360991
"2.48","CDMPv535_ABMI",3606,3610,2,0.474747474747475,1.62285225900474,1.74701323881866
"2.49","CDMPv535_ABMI",3606,3610,2,0.484848484848485,1.69012473178099,2.00777713302038
"2.50","CDMPv535_ABMI",3606,3610,2,0.494949494949495,1.74990156454325,2.2260754114259
"2.51","CDMPv535_ABMI",3606,3610,2,0.505050505050505,1.7978657959379,2.40099430473022
"2.52","CDMPv535_ABMI",3606,3610,2,0.515151515151515,1.83024917263565,2.52722508003899
"2.53","CDMPv535_ABMI",3606,3610,2,0.525252525252525,1.84431109123629,2.58647306021236
"2.54","CDMPv535_ABMI",3606,3610,2,0.535353535353535,1.83808027694074,2.55281720674795
"2.55","CDMPv535_ABMI",3606,3610,2,0.545454545454546,1.81019987213431,2.41012211444133
"2.56","CDMPv535_ABMI",3606,3610,2,0.555555555555556,1.76117487026114,2.16909641600876
"2.57","CDMPv535_ABMI",3606,3610,2,0.565656565656566,1.69237820051408,1.87055194572478
"2.58","CDMPv535_ABMI",3606,3610,2,0.575757575757576,1.60597860045677,1.56736618110172
"2.59","CDMPv535_ABMI",3606,3610,2,0.585858585858586,1.50473840391585,1.30155177365102
"2.60","CDMPv535_ABMI",3606,3610,2,0.595959595959596,1.39268332071749,1.08862574459539
"2.61","CDMPv535_ABMI",3606,3610,2,0.606060606060606,1.27382066608504,0.91847445598546
"2.62","CDMPv535_ABMI",3606,3610,2,0.616161616161616,1.1523694588763,0.769404757751801
"2.63","CDMPv535_ABMI",3606,3610,2,0.626262626262626,1.03269980252741,0.624392222585196
"2.64","CDMPv535_ABMI",3606,3610,2,0.636363636363636,0.91893722706583,0.479695104102317
"2.65","CDMPv535_ABMI",3606,3610,2,0.646464646464647,0.814923213449482,0.343179455281771
"2.66","CDMPv535_ABMI",3606,3610,2,0.656565656565657,0.724441141799409,0.226285218454045
"2.67","CDMPv535_ABMI",3606,3610,2,0.666666666666667,0.650593273106557,0.136705925428034
"2.68","CDMPv535_ABMI",3606,3610,2,0.676767676767677,0.595921559229074,0.075426653235951
"2.69","CDMPv535_ABMI",3606,3610,2,0.686868686868687,0.562608848624855,0.0379725631403542
"2.70","CDMPv535_ABMI",3606,3610,2,0.696969696969697,0.552888804708907,0.0175439411520429
"2.71","CDMPv535_ABMI",3606,3610,2,0.707070707070707,0.567312291574243,0.00780122991847255
"2.72","CDMPv535_ABMI",3606,3610,2,0.717171717171717,0.606201960274537,0.00434415108667776
"2.73","CDMPv535_ABMI",3606,3610,2,0.727272727272727,0.669284878217507,0.00509680839402536
"2.74","CDMPv535_ABMI",3606,3610,2,0.737373737373737,0.755547191748768,0.0100810899147655
"2.75","CDMPv535_ABMI",3606,3610,2,0.747474747474748,0.862253912179236,0.0211986528175566
"2.76","CDMPv535_ABMI",3606,3610,2,0.757575757575758,0.986153192126028,0.0418114677048262
"2.77","CDMPv535_ABMI",3606,3610,2,0.767676767676768,1.12312035660177,0.0760158316034682
"2.78","CDMPv535_ABMI",3606,3610,2,0.777777777777778,1.26781050330041,0.127345382073992
"2.79","CDMPv535_ABMI",3606,3610,2,0.787878787878788,1.41416749079628,0.19700305167706
"2.80","CDMPv535_ABMI",3606,3610,2,0.797979797979798,1.55582472531489,0.282167709255735
"2.81","CDMPv535_ABMI",3606,3610,2,0.808080808080808,1.68591974975338,0.375174337102164
"2.82","CDMPv535_ABMI",3606,3610,2,0.818181818181818,1.79820720941652,0.464120566991111
"2.83","CDMPv535_ABMI",3606,3610,2,0.828282828282828,1.8871676282863,0.535438152821732
"2.84","CDMPv535_ABMI",3606,3610,2,0.838383838383838,1.94819006812544,0.577225105228797
"2.85","CDMPv535_ABMI",3606,3610,2,0.848484848484849,1.97741310016294,0.582420522850837
"2.86","CDMPv535_ABMI",3606,3610,2,0.858585858585859,1.97399458383124,0.55073984918293
"2.87","CDMPv535_ABMI",3606,3610,2,0.868686868686869,1.93812192631511,0.488610161556729
"2.88","CDMPv535_ABMI",3606,3610,2,0.878787878787879,1.87135124495049,0.407137792522673
"2.89","CDMPv535_ABMI",3606,3610,2,0.888888888888889,1.77695551302388,0.318937332177502
"2.90","CDMPv535_ABMI",3606,3610,2,0.898989898989899,1.65994596913437,0.235125146060096
"2.91","CDMPv535_ABMI",3606,3610,2,0.909090909090909,1.52564822153298,0.163222468350611
"2.92","CDMPv535_ABMI",3606,3610,2,0.919191919191919,1.37967740073986,0.10665950070484
"2.93","CDMPv535_ABMI",3606,3610,2,0.929292929292929,1.22800964651179,0.0655295773029432
"2.94","CDMPv535_ABMI",3606,3610,2,0.939393939393939,1.07604725777242,0.0377742289116207
"2.95","CDMPv535_ABMI",3606,3610,2,0.94949494949495,0.928430818926004,0.0203736240717211
"2.96","CDMPv535_ABMI",3606,3610,2,0.95959595959596,0.789208161359955,0.0102481419945299
"2.97","CDMPv535_ABMI",3606,3610,2,0.96969696969697,0.661037861694317,0.00479085876367025
"2.98","CDMPv535_ABMI",3606,3610,2,0.97979797979798,0.545710534879786,0.00207600201646884
"2.99","CDMPv535_ABMI",3606,3610,2,0.98989898989899,0.444221005252489,0.000834444283260462
"2.100","CDMPv535_ABMI",3606,3610,2,1,0.356869360235874,0.000309279876861717
"3.1","CDMPv535_ABMI",3606,3610,3,0,0.000339634423006832,8.7252214165023e-14
"3.2","CDMPv535_ABMI",3606,3610,3,0.0101010101010101,0.00056593310006038,9.23283296497465e-13
"3.3","CDMPv535_ABMI",3606,3610,3,0.0202020202020202,0.000929063567363445,8.84381857737123e-12
"3.4","CDMPv535_ABMI",3606,3610,3,0.0303030303030303,0.00149779443773905,7.87251178598897e-11
"3.5","CDMPv535_ABMI",3606,3610,3,0.0404040404040404,0.00236911976325484,6.35601008671847e-10
"3.6","CDMPv535_ABMI",3606,3610,3,0.0505050505050505,0.00367906512992231,4.63755497289399e-09
"3.7","CDMPv535_ABMI",3606,3610,3,0.0606060606060606,0.00563108304615494,3.06546386640522e-08
"3.8","CDMPv535_ABMI",3606,3610,3,0.0707070707070707,0.008460119068795,1.83949247417601e-07
"3.9","CDMPv535_ABMI",3606,3610,3,0.0808080808080808,0.0124822796426019,1.00381582101212e-06
"3.10","CDMPv535_ABMI",3606,3610,3,0.0909090909090909,0.0181105928055902,4.98900960982207e-06
"3.11","CDMPv535_ABMI",3606,3610,3,0.101010101010101,0.0258632184422701,2.26114830661631e-05
"3.12","CDMPv535_ABMI",3606,3610,3,0.111111111111111,0.0362888188721103,9.37912072121982e-05
"3.13","CDMPv535_ABMI",3606,3610,3,0.121212121212121,0.0500458566785822,0.00035809723615764
"3.14","CDMPv535_ABMI",3606,3610,3,0.131313131313131,0.0679351966887795,0.00124561337947771
"3.15","CDMPv535_ABMI",3606,3610,3,0.141414141414141,0.0907250514838181,0.00395150500221596
"3.16","CDMPv535_ABMI",3606,3610,3,0.151515151515152,0.119143528727501,0.0114404357582658
"3.17","CDMPv535_ABMI",3606,3610,3,0.161616161616162,0.15390735770175,0.0302426301972826
"3.18","CDMPv535_ABMI",3606,3610,3,0.171717171717172,0.195790266256414,0.0730179462965282
"3.19","CDMPv535_ABMI",3606,3610,3,0.181818181818182,0.245073609576269,0.161066668528547
"3.20","CDMPv535_ABMI",3606,3610,3,0.191919191919192,0.301893466935123,0.324749340681626
"3.21","CDMPv535_ABMI",3606,3610,3,0.202020202020202,0.36611535588214,0.59956700815795
"3.22","CDMPv535_ABMI",3606,3610,3,0.212121212121212,0.437278199804354,1.01376358776423
"3.23","CDMPv535_ABMI",3606,3610,3,0.222222222222222,0.514256745571499,1.57275700327448
"3.24","CDMPv535_ABMI",3606,3610,3,0.232323232323232,0.595667897096836,2.24795737750889
"3.25","CDMPv535_ABMI",3606,3610,3,0.242424242424242,0.679759044839459,2.97700509282716
"3.26","CDMPv535_ABMI",3606,3610,3,0.252525252525253,0.764380901708344,3.67965099600817
"3.27","CDMPv535_ABMI",3606,3610,3,0.262626262626263,0.847215839689857,4.28074452341827
"3.28","CDMPv535_ABMI",3606,3610,3,0.272727272727273,0.925920785317455,4.72580934682392
"3.29","CDMPv535_ABMI",3606,3610,3,0.282828282828283,0.99808999703998,4.98110021345847
"3.30","CDMPv535_ABMI",3606,3610,3,0.292929292929293,1.06179826252615,5.02343297652965
"3.31","CDMPv535_ABMI",3606,3610,3,0.303030303030303,1.1155839574959,4.84278799161063
"3.32","CDMPv535_ABMI",3606,3610,3,0.313131313131313,1.15852571971802,4.44967245915645
"3.33","CDMPv535_ABMI",3606,3610,3,0.323232323232323,1.19018826052826,3.89060873266239
"3.34","CDMPv535_ABMI",3606,3610,3,0.333333333333333,1.21144947631764,3.24664550633492
"3.35","CDMPv535_ABMI",3606,3610,3,0.343434343434343,1.22369138465738,2.60990937345875
"3.36","CDMPv535_ABMI",3606,3610,3,0.353535353535354,1.22895670184337,2.05133727887537
"3.37","CDMPv535_ABMI",3606,3610,3,0.363636363636364,1.22995736352535,1.60085927613454
"3.38","CDMPv535_ABMI",3606,3610,3,0.373737373737374,1.22985034041522,1.25149893827439
"3.39","CDMPv535_ABMI",3606,3610,3,0.383838383838384,1.23180719467503,0.980068791730525
"3.40","CDMPv535_ABMI",3606,3610,3,0.393939393939394,1.23899083513957,0.769593222470085
"3.41","CDMPv535_ABMI",3606,3610,3,0.404040404040404,1.2540668392449,0.620265417655723
"3.42","CDMPv535_ABMI",3606,3610,3,0.414141414141414,1.27892713705041,0.54563380953942
"3.43","CDMPv535_ABMI",3606,3610,3,0.424242424242424,1.31465001011102,0.561834362345342
"3.44","CDMPv535_ABMI",3606,3610,3,0.434343434343434,1.36155142403687,0.676524829574922
"3.45","CDMPv535_ABMI",3606,3610,3,0.444444444444444,1.41834764642188,0.881781593366927
"3.46","CDMPv535_ABMI",3606,3610,3,0.454545454545455,1.48294589630877,1.15286111712204
"3.47","CDMPv535_ABMI",3606,3610,3,0.464646464646465,1.55237652390781,1.45358115360991
"3.48","CDMPv535_ABMI",3606,3610,3,0.474747474747475,1.62285225900474,1.74701323881866
"3.49","CDMPv535_ABMI",3606,3610,3,0.484848484848485,1.69012473178099,2.00777713302038
"3.50","CDMPv535_ABMI",3606,3610,3,0.494949494949495,1.74990156454325,2.2260754114259
"3.51","CDMPv535_ABMI",3606,3610,3,0.505050505050505,1.7978657959379,2.40099430473022
"3.52","CDMPv535_ABMI",3606,3610,3,0.515151515151515,1.83024917263565,2.52722508003899
"3.53","CDMPv535_ABMI",3606,3610,3,0.525252525252525,1.84431109123629,2.58647306021236
"3.54","CDMPv535_ABMI",3606,3610,3,0.535353535353535,1.83808027694074,2.55281720674795
"3.55","CDMPv535_ABMI",3606,3610,3,0.545454545454546,1.81019987213431,2.41012211444133
"3.56","CDMPv535_ABMI",3606,3610,3,0.555555555555556,1.76117487026114,2.16909641600876
"3.57","CDMPv535_ABMI",3606,3610,3,0.565656565656566,1.69237820051408,1.87055194572478
"3.58","CDMPv535_ABMI",3606,3610,3,0.575757575757576,1.60597860045677,1.56736618110172
"3.59","CDMPv535_ABMI",3606,3610,3,0.585858585858586,1.50473840391585,1.30155177365102
"3.60","CDMPv535_ABMI",3606,3610,3,0.595959595959596,1.39268332071749,1.08862574459539
"3.61","CDMPv535_ABMI",3606,3610,3,0.606060606060606,1.27382066608504,0.91847445598546
"3.62","CDMPv535_ABMI",3606,3610,3,0.616161616161616,1.1523694588763,0.769404757751801
"3.63","CDMPv535_ABMI",3606,3610,3,0.626262626262626,1.03269980252741,0.624392222585196
"3.64","CDMPv535_ABMI",3606,3610,3,0.636363636363636,0.91893722706583,0.479695104102317
"3.65","CDMPv535_ABMI",3606,3610,3,0.646464646464647,0.814923213449482,0.343179455281771
"3.66","CDMPv535_ABMI",3606,3610,3,0.656565656565657,0.724441141799409,0.226285218454045
"3.67","CDMPv535_ABMI",3606,3610,3,0.666666666666667,0.650593273106557,0.136705925428034
"3.68","CDMPv535_ABMI",3606,3610,3,0.676767676767677,0.595921559229074,0.075426653235951
"3.69","CDMPv535_ABMI",3606,3610,3,0.686868686868687,0.562608848624855,0.0379725631403542
"3.70","CDMPv535_ABMI",3606,3610,3,0.696969696969697,0.552888804708907,0.0175439411520429
"3.71","CDMPv535_ABMI",3606,3610,3,0.707070707070707,0.567312291574243,0.00780122991847255
"3.72","CDMPv535_ABMI",3606,3610,3,0.717171717171717,0.606201960274537,0.00434415108667776
"3.73","CDMPv535_ABMI",3606,3610,3,0.727272727272727,0.669284878217507,0.00509680839402536
"3.74","CDMPv535_ABMI",3606,3610,3,0.737373737373737,0.755547191748768,0.0100810899147655
"3.75","CDMPv535_ABMI",3606,3610,3,0.747474747474748,0.862253912179236,0.0211986528175566
"3.76","CDMPv535_ABMI",3606,3610,3,0.757575757575758,0.986153192126028,0.0418114677048262
"3.77","CDMPv535_ABMI",3606,3610,3,0.767676767676768,1.12312035660177,0.0760158316034682
"3.78","CDMPv535_ABMI",3606,3610,3,0.777777777777778,1.26781050330041,0.127345382073992
"3.79","CDMPv535_ABMI",3606,3610,3,0.787878787878788,1.41416749079628,0.19700305167706
"3.80","CDMPv535_ABMI",3606,3610,3,0.797979797979798,1.55582472531489,0.282167709255735
"3.81","CDMPv535_ABMI",3606,3610,3,0.808080808080808,1.68591974975338,0.375174337102164
"3.82","CDMPv535_ABMI",3606,3610,3,0.818181818181818,1.79820720941652,0.464120566991111
"3.83","CDMPv535_ABMI",3606,3610,3,0.828282828282828,1.8871676282863,0.535438152821732
"3.84","CDMPv535_ABMI",3606,3610,3,0.838383838383838,1.94819006812544,0.577225105228797
"3.85","CDMPv535_ABMI",3606,3610,3,0.848484848484849,1.97741310016294,0.582420522850837
"3.86","CDMPv535_ABMI",3606,3610,3,0.858585858585859,1.97399458383124,0.55073984918293
"3.87","CDMPv535_ABMI",3606,3610,3,0.868686868686869,1.93812192631511,0.488610161556729
"3.88","CDMPv535_ABMI",3606,3610,3,0.878787878787879,1.87135124495049,0.407137792522673
"3.89","CDMPv535_ABMI",3606,3610,3,0.888888888888889,1.77695551302388,0.318937332177502
"3.90","CDMPv535_ABMI",3606,3610,3,0.898989898989899,1.65994596913437,0.235125146060096
"3.91","CDMPv535_ABMI",3606,3610,3,0.909090909090909,1.52564822153298,0.163222468350611
"3.92","CDMPv535_ABMI",3606,3610,3,0.919191919191919,1.37967740073986,0.10665950070484
"3.93","CDMPv535_ABMI",3606,3610,3,0.929292929292929,1.22800964651179,0.0655295773029432
"3.94","CDMPv535_ABMI",3606,3610,3,0.939393939393939,1.07604725777242,0.0377742289116207
"3.95","CDMPv535_ABMI",3606,3610,3,0.94949494949495,0.928430818926004,0.0203736240717211
"3.96","CDMPv535_ABMI",3606,3610,3,0.95959595959596,0.789208161359955,0.0102481419945299
"3.97","CDMPv535_ABMI",3606,3610,3,0.96969696969697,0.661037861694317,0.00479085876367025
"3.98","CDMPv535_ABMI",3606,3610,3,0.97979797979798,0.545710534879786,0.00207600201646884
"3.99","CDMPv535_ABMI",3606,3610,3,0.98989898989899,0.444221005252489,0.000834444283260462
"3.100","CDMPv535_ABMI",3606,3610,3,1,0.356869360235874,0.000309279876861717
"4.1","CDMPv535_ABMI",3606,3610,4,0,0.000339634423006832,8.7252214165023e-14
"4.2","CDMPv535_ABMI",3606,3610,4,0.0101010101010101,0.00056593310006038,9.23283296497465e-13
"4.3","CDMPv535_ABMI",3606,3610,4,0.0202020202020202,0.000929063567363445,8.84381857737123e-12
"4.4","CDMPv535_ABMI",3606,3610,4,0.0303030303030303,0.00149779443773905,7.87251178598897e-11
"4.5","CDMPv535_ABMI",3606,3610,4,0.0404040404040404,0.00236911976325484,6.35601008671847e-10
"4.6","CDMPv535_ABMI",3606,3610,4,0.0505050505050505,0.00367906512992231,4.63755497289399e-09
"4.7","CDMPv535_ABMI",3606,3610,4,0.0606060606060606,0.00563108304615494,3.06546386640522e-08
"4.8","CDMPv535_ABMI",3606,3610,4,0.0707070707070707,0.008460119068795,1.83949247417601e-07
"4.9","CDMPv535_ABMI",3606,3610,4,0.0808080808080808,0.0124822796426019,1.00381582101212e-06
"4.10","CDMPv535_ABMI",3606,3610,4,0.0909090909090909,0.0181105928055902,4.98900960982207e-06
"4.11","CDMPv535_ABMI",3606,3610,4,0.101010101010101,0.0258632184422701,2.26114830661631e-05
"4.12","CDMPv535_ABMI",3606,3610,4,0.111111111111111,0.0362888188721103,9.37912072121982e-05
"4.13","CDMPv535_ABMI",3606,3610,4,0.121212121212121,0.0500458566785822,0.00035809723615764
"4.14","CDMPv535_ABMI",3606,3610,4,0.131313131313131,0.0679351966887795,0.00124561337947771
"4.15","CDMPv535_ABMI",3606,3610,4,0.141414141414141,0.0907250514838181,0.00395150500221596
"4.16","CDMPv535_ABMI",3606,3610,4,0.151515151515152,0.119143528727501,0.0114404357582658
"4.17","CDMPv535_ABMI",3606,3610,4,0.161616161616162,0.15390735770175,0.0302426301972826
"4.18","CDMPv535_ABMI",3606,3610,4,0.171717171717172,0.195790266256414,0.0730179462965282
"4.19","CDMPv535_ABMI",3606,3610,4,0.181818181818182,0.245073609576269,0.161066668528547
"4.20","CDMPv535_ABMI",3606,3610,4,0.191919191919192,0.301893466935123,0.324749340681626
"4.21","CDMPv535_ABMI",3606,3610,4,0.202020202020202,0.36611535588214,0.59956700815795
"4.22","CDMPv535_ABMI",3606,3610,4,0.212121212121212,0.437278199804354,1.01376358776423
"4.23","CDMPv535_ABMI",3606,3610,4,0.222222222222222,0.514256745571499,1.57275700327448
"4.24","CDMPv535_ABMI",3606,3610,4,0.232323232323232,0.595667897096836,2.24795737750889
"4.25","CDMPv535_ABMI",3606,3610,4,0.242424242424242,0.679759044839459,2.97700509282716
"4.26","CDMPv535_ABMI",3606,3610,4,0.252525252525253,0.764380901708344,3.67965099600817
"4.27","CDMPv535_ABMI",3606,3610,4,0.262626262626263,0.847215839689857,4.28074452341827
"4.28","CDMPv535_ABMI",3606,3610,4,0.272727272727273,0.925920785317455,4.72580934682392
"4.29","CDMPv535_ABMI",3606,3610,4,0.282828282828283,0.99808999703998,4.98110021345847
"4.30","CDMPv535_ABMI",3606,3610,4,0.292929292929293,1.06179826252615,5.02343297652965
"4.31","CDMPv535_ABMI",3606,3610,4,0.303030303030303,1.1155839574959,4.84278799161063
"4.32","CDMPv535_ABMI",3606,3610,4,0.313131313131313,1.15852571971802,4.44967245915645
"4.33","CDMPv535_ABMI",3606,3610,4,0.323232323232323,1.19018826052826,3.89060873266239
"4.34","CDMPv535_ABMI",3606,3610,4,0.333333333333333,1.21144947631764,3.24664550633492
"4.35","CDMPv535_ABMI",3606,3610,4,0.343434343434343,1.22369138465738,2.60990937345875
"4.36","CDMPv535_ABMI",3606,3610,4,0.353535353535354,1.22895670184337,2.05133727887537
"4.37","CDMPv535_ABMI",3606,3610,4,0.363636363636364,1.22995736352535,1.60085927613454
"4.38","CDMPv535_ABMI",3606,3610,4,0.373737373737374,1.22985034041522,1.25149893827439
"4.39","CDMPv535_ABMI",3606,3610,4,0.383838383838384,1.23180719467503,0.980068791730525
"4.40","CDMPv535_ABMI",3606,3610,4,0.393939393939394,1.23899083513957,0.769593222470085
"4.41","CDMPv535_ABMI",3606,3610,4,0.404040404040404,1.2540668392449,0.620265417655723
"4.42","CDMPv535_ABMI",3606,3610,4,0.414141414141414,1.27892713705041,0.54563380953942
"4.43","CDMPv535_ABMI",3606,3610,4,0.424242424242424,1.31465001011102,0.561834362345342
"4.44","CDMPv535_ABMI",3606,3610,4,0.434343434343434,1.36155142403687,0.676524829574922
"4.45","CDMPv535_ABMI",3606,3610,4,0.444444444444444,1.41834764642188,0.881781593366927
"4.46","CDMPv535_ABMI",3606,3610,4,0.454545454545455,1.48294589630877,1.15286111712204
"4.47","CDMPv535_ABMI",3606,3610,4,0.464646464646465,1.55237652390781,1.45358115360991
"4.48","CDMPv535_ABMI",3606,3610,4,0.474747474747475,1.62285225900474,1.74701323881866
"4.49","CDMPv535_ABMI",3606,3610,4,0.484848484848485,1.69012473178099,2.00777713302038
"4.50","CDMPv535_ABMI",3606,3610,4,0.494949494949495,1.74990156454325,2.2260754114259
"4.51","CDMPv535_ABMI",3606,3610,4,0.505050505050505,1.7978657959379,2.40099430473022
"4.52","CDMPv535_ABMI",3606,3610,4,0.515151515151515,1.83024917263565,2.52722508003899
"4.53","CDMPv535_ABMI",3606,3610,4,0.525252525252525,1.84431109123629,2.58647306021236
"4.54","CDMPv535_ABMI",3606,3610,4,0.535353535353535,1.83808027694074,2.55281720674795
"4.55","CDMPv535_ABMI",3606,3610,4,0.545454545454546,1.81019987213431,2.41012211444133
"4.56","CDMPv535_ABMI",3606,3610,4,0.555555555555556,1.76117487026114,2.16909641600876
"4.57","CDMPv535_ABMI",3606,3610,4,0.565656565656566,1.69237820051408,1.87055194572478
"4.58","CDMPv535_ABMI",3606,3610,4,0.575757575757576,1.60597860045677,1.56736618110172
"4.59","CDMPv535_ABMI",3606,3610,4,0.585858585858586,1.50473840391585,1.30155177365102
"4.60","CDMPv535_ABMI",3606,3610,4,0.595959595959596,1.39268332071749,1.08862574459539
"4.61","CDMPv535_ABMI",3606,3610,4,0.606060606060606,1.27382066608504,0.91847445598546
"4.62","CDMPv535_ABMI",3606,3610,4,0.616161616161616,1.1523694588763,0.769404757751801
"4.63","CDMPv535_ABMI",3606,3610,4,0.626262626262626,1.03269980252741,0.624392222585196
"4.64","CDMPv535_ABMI",3606,3610,4,0.636363636363636,0.91893722706583,0.479695104102317
"4.65","CDMPv535_ABMI",3606,3610,4,0.646464646464647,0.814923213449482,0.343179455281771
"4.66","CDMPv535_ABMI",3606,3610,4,0.656565656565657,0.724441141799409,0.226285218454045
"4.67","CDMPv535_ABMI",3606,3610,4,0.666666666666667,0.650593273106557,0.136705925428034
"4.68","CDMPv535_ABMI",3606,3610,4,0.676767676767677,0.595921559229074,0.075426653235951
"4.69","CDMPv535_ABMI",3606,3610,4,0.686868686868687,0.562608848624855,0.0379725631403542
"4.70","CDMPv535_ABMI",3606,3610,4,0.696969696969697,0.552888804708907,0.0175439411520429
"4.71","CDMPv535_ABMI",3606,3610,4,0.707070707070707,0.567312291574243,0.00780122991847255
"4.72","CDMPv535_ABMI",3606,3610,4,0.717171717171717,0.606201960274537,0.00434415108667776
"4.73","CDMPv535_ABMI",3606,3610,4,0.727272727272727,0.669284878217507,0.00509680839402536
"4.74","CDMPv535_ABMI",3606,3610,4,0.737373737373737,0.755547191748768,0.0100810899147655
"4.75","CDMPv535_ABMI",3606,3610,4,0.747474747474748,0.862253912179236,0.0211986528175566
"4.76","CDMPv535_ABMI",3606,3610,4,0.757575757575758,0.986153192126028,0.0418114677048262
"4.77","CDMPv535_ABMI",3606,3610,4,0.767676767676768,1.12312035660177,0.0760158316034682
"4.78","CDMPv535_ABMI",3606,3610,4,0.777777777777778,1.26781050330041,0.127345382073992
"4.79","CDMPv535_ABMI",3606,3610,4,0.787878787878788,1.41416749079628,0.19700305167706
"4.80","CDMPv535_ABMI",3606,3610,4,0.797979797979798,1.55582472531489,0.282167709255735
"4.81","CDMPv535_ABMI",3606,3610,4,0.808080808080808,1.68591974975338,0.375174337102164
"4.82","CDMPv535_ABMI",3606,3610,4,0.818181818181818,1.79820720941652,0.464120566991111
"4.83","CDMPv535_ABMI",3606,3610,4,0.828282828282828,1.8871676282863,0.535438152821732
"4.84","CDMPv535_ABMI",3606,3610,4,0.838383838383838,1.94819006812544,0.577225105228797
"4.85","CDMPv535_ABMI",3606,3610,4,0.848484848484849,1.97741310016294,0.582420522850837
"4.86","CDMPv535_ABMI",3606,3610,4,0.858585858585859,1.97399458383124,0.55073984918293
"4.87","CDMPv535_ABMI",3606,3610,4,0.868686868686869,1.93812192631511,0.488610161556729
"4.88","CDMPv535_ABMI",3606,3610,4,0.878787878787879,1.87135124495049,0.407137792522673
"4.89","CDMPv535_ABMI",3606,3610,4,0.888888888888889,1.77695551302388,0.318937332177502
"4.90","CDMPv535_ABMI",3606,3610,4,0.898989898989899,1.65994596913437,0.235125146060096
"4.91","CDMPv535_ABMI",3606,3610,4,0.909090909090909,1.52564822153298,0.163222468350611
"4.92","CDMPv535_ABMI",3606,3610,4,0.919191919191919,1.37967740073986,0.10665950070484
"4.93","CDMPv535_ABMI",3606,3610,4,0.929292929292929,1.22800964651179,0.0655295773029432
"4.94","CDMPv535_ABMI",3606,3610,4,0.939393939393939,1.07604725777242,0.0377742289116207
"4.95","CDMPv535_ABMI",3606,3610,4,0.94949494949495,0.928430818926004,0.0203736240717211
"4.96","CDMPv535_ABMI",3606,3610,4,0.95959595959596,0.789208161359955,0.0102481419945299
"4.97","CDMPv535_ABMI",3606,3610,4,0.96969696969697,0.661037861694317,0.00479085876367025
"4.98","CDMPv535_ABMI",3606,3610,4,0.97979797979798,0.545710534879786,0.00207600201646884
"4.99","CDMPv535_ABMI",3606,3610,4,0.98989898989899,0.444221005252489,0.000834444283260462
"4.100","CDMPv535_ABMI",3606,3610,4,1,0.356869360235874,0.000309279876861717
"5.1","CDMPv535_ABMI",3606,3610,5,0,0.000339634423006832,8.7252214165023e-14
"5.2","CDMPv535_ABMI",3606,3610,5,0.0101010101010101,0.00056593310006038,9.23283296497465e-13
"5.3","CDMPv535_ABMI",3606,3610,5,0.0202020202020202,0.000929063567363445,8.84381857737123e-12
"5.4","CDMPv535_ABMI",3606,3610,5,0.0303030303030303,0.00149779443773905,7.87251178598897e-11
"5.5","CDMPv535_ABMI",3606,3610,5,0.0404040404040404,0.00236911976325484,6.35601008671847e-10
"5.6","CDMPv535_ABMI",3606,3610,5,0.0505050505050505,0.00367906512992231,4.63755497289399e-09
"5.7","CDMPv535_ABMI",3606,3610,5,0.0606060606060606,0.00563108304615494,3.06546386640522e-08
"5.8","CDMPv535_ABMI",3606,3610,5,0.0707070707070707,0.008460119068795,1.83949247417601e-07
"5.9","CDMPv535_ABMI",3606,3610,5,0.0808080808080808,0.0124822796426019,1.00381582101212e-06
"5.10","CDMPv535_ABMI",3606,3610,5,0.0909090909090909,0.0181105928055902,4.98900960982207e-06
"5.11","CDMPv535_ABMI",3606,3610,5,0.101010101010101,0.0258632184422701,2.26114830661631e-05
"5.12","CDMPv535_ABMI",3606,3610,5,0.111111111111111,0.0362888188721103,9.37912072121982e-05
"5.13","CDMPv535_ABMI",3606,3610,5,0.121212121212121,0.0500458566785822,0.00035809723615764
"5.14","CDMPv535_ABMI",3606,3610,5,0.131313131313131,0.0679351966887795,0.00124561337947771
"5.15","CDMPv535_ABMI",3606,3610,5,0.141414141414141,0.0907250514838181,0.00395150500221596
"5.16","CDMPv535_ABMI",3606,3610,5,0.151515151515152,0.119143528727501,0.0114404357582658
"5.17","CDMPv535_ABMI",3606,3610,5,0.161616161616162,0.15390735770175,0.0302426301972826
"5.18","CDMPv535_ABMI",3606,3610,5,0.171717171717172,0.195790266256414,0.0730179462965282
"5.19","CDMPv535_ABMI",3606,3610,5,0.181818181818182,0.245073609576269,0.161066668528547
"5.20","CDMPv535_ABMI",3606,3610,5,0.191919191919192,0.301893466935123,0.324749340681626
"5.21","CDMPv535_ABMI",3606,3610,5,0.202020202020202,0.36611535588214,0.59956700815795
"5.22","CDMPv535_ABMI",3606,3610,5,0.212121212121212,0.437278199804354,1.01376358776423
"5.23","CDMPv535_ABMI",3606,3610,5,0.222222222222222,0.514256745571499,1.57275700327448
"5.24","CDMPv535_ABMI",3606,3610,5,0.232323232323232,0.595667897096836,2.24795737750889
"5.25","CDMPv535_ABMI",3606,3610,5,0.242424242424242,0.679759044839459,2.97700509282716
"5.26","CDMPv535_ABMI",3606,3610,5,0.252525252525253,0.764380901708344,3.67965099600817
"5.27","CDMPv535_ABMI",3606,3610,5,0.262626262626263,0.847215839689857,4.28074452341827
"5.28","CDMPv535_ABMI",3606,3610,5,0.272727272727273,0.925920785317455,4.72580934682392
"5.29","CDMPv535_ABMI",3606,3610,5,0.282828282828283,0.99808999703998,4.98110021345847
"5.30","CDMPv535_ABMI",3606,3610,5,0.292929292929293,1.06179826252615,5.02343297652965
"5.31","CDMPv535_ABMI",3606,3610,5,0.303030303030303,1.1155839574959,4.84278799161063
"5.32","CDMPv535_ABMI",3606,3610,5,0.313131313131313,1.15852571971802,4.44967245915645
"5.33","CDMPv535_ABMI",3606,3610,5,0.323232323232323,1.19018826052826,3.89060873266239
"5.34","CDMPv535_ABMI",3606,3610,5,0.333333333333333,1.21144947631764,3.24664550633492
"5.35","CDMPv535_ABMI",3606,3610,5,0.343434343434343,1.22369138465738,2.60990937345875
"5.36","CDMPv535_ABMI",3606,3610,5,0.353535353535354,1.22895670184337,2.05133727887537
"5.37","CDMPv535_ABMI",3606,3610,5,0.363636363636364,1.22995736352535,1.60085927613454
"5.38","CDMPv535_ABMI",3606,3610,5,0.373737373737374,1.22985034041522,1.25149893827439
"5.39","CDMPv535_ABMI",3606,3610,5,0.383838383838384,1.23180719467503,0.980068791730525
"5.40","CDMPv535_ABMI",3606,3610,5,0.393939393939394,1.23899083513957,0.769593222470085
"5.41","CDMPv535_ABMI",3606,3610,5,0.404040404040404,1.2540668392449,0.620265417655723
"5.42","CDMPv535_ABMI",3606,3610,5,0.414141414141414,1.27892713705041,0.54563380953942
"5.43","CDMPv535_ABMI",3606,3610,5,0.424242424242424,1.31465001011102,0.561834362345342
"5.44","CDMPv535_ABMI",3606,3610,5,0.434343434343434,1.36155142403687,0.676524829574922
"5.45","CDMPv535_ABMI",3606,3610,5,0.444444444444444,1.41834764642188,0.881781593366927
"5.46","CDMPv535_ABMI",3606,3610,5,0.454545454545455,1.48294589630877,1.15286111712204
"5.47","CDMPv535_ABMI",3606,3610,5,0.464646464646465,1.55237652390781,1.45358115360991
"5.48","CDMPv535_ABMI",3606,3610,5,0.474747474747475,1.62285225900474,1.74701323881866
"5.49","CDMPv535_ABMI",3606,3610,5,0.484848484848485,1.69012473178099,2.00777713302038
"5.50","CDMPv535_ABMI",3606,3610,5,0.494949494949495,1.74990156454325,2.2260754114259
"5.51","CDMPv535_ABMI",3606,3610,5,0.505050505050505,1.7978657959379,2.40099430473022
"5.52","CDMPv535_ABMI",3606,3610,5,0.515151515151515,1.83024917263565,2.52722508003899
"5.53","CDMPv535_ABMI",3606,3610,5,0.525252525252525,1.84431109123629,2.58647306021236
"5.54","CDMPv535_ABMI",3606,3610,5,0.535353535353535,1.83808027694074,2.55281720674795
"5.55","CDMPv535_ABMI",3606,3610,5,0.545454545454546,1.81019987213431,2.41012211444133
"5.56","CDMPv535_ABMI",3606,3610,5,0.555555555555556,1.76117487026114,2.16909641600876
"5.57","CDMPv535_ABMI",3606,3610,5,0.565656565656566,1.69237820051408,1.87055194572478
"5.58","CDMPv535_ABMI",3606,3610,5,0.575757575757576,1.60597860045677,1.56736618110172
"5.59","CDMPv535_ABMI",3606,3610,5,0.585858585858586,1.50473840391585,1.30155177365102
"5.60","CDMPv535_ABMI",3606,3610,5,0.595959595959596,1.39268332071749,1.08862574459539
"5.61","CDMPv535_ABMI",3606,3610,5,0.606060606060606,1.27382066608504,0.91847445598546
"5.62","CDMPv535_ABMI",3606,3610,5,0.616161616161616,1.1523694588763,0.769404757751801
"5.63","CDMPv535_ABMI",3606,3610,5,0.626262626262626,1.03269980252741,0.624392222585196
"5.64","CDMPv535_ABMI",3606,3610,5,0.636363636363636,0.91893722706583,0.479695104102317
"5.65","CDMPv535_ABMI",3606,3610,5,0.646464646464647,0.814923213449482,0.343179455281771
"5.66","CDMPv535_ABMI",3606,3610,5,0.656565656565657,0.724441141799409,0.226285218454045
"5.67","CDMPv535_ABMI",3606,3610,5,0.666666666666667,0.650593273106557,0.136705925428034
"5.68","CDMPv535_ABMI",3606,3610,5,0.676767676767677,0.595921559229074,0.075426653235951
"5.69","CDMPv535_ABMI",3606,3610,5,0.686868686868687,0.562608848624855,0.0379725631403542
"5.70","CDMPv535_ABMI",3606,3610,5,0.696969696969697,0.552888804708907,0.0175439411520429
"5.71","CDMPv535_ABMI",3606,3610,5,0.707070707070707,0.567312291574243,0.00780122991847255
"5.72","CDMPv535_ABMI",3606,3610,5,0.717171717171717,0.606201960274537,0.00434415108667776
"5.73","CDMPv535_ABMI",3606,3610,5,0.727272727272727,0.669284878217507,0.00509680839402536
"5.74","CDMPv535_ABMI",3606,3610,5,0.737373737373737,0.755547191748768,0.0100810899147655
"5.75","CDMPv535_ABMI",3606,3610,5,0.747474747474748,0.862253912179236,0.0211986528175566
"5.76","CDMPv535_ABMI",3606,3610,5,0.757575757575758,0.986153192126028,0.0418114677048262
"5.77","CDMPv535_ABMI",3606,3610,5,0.767676767676768,1.12312035660177,0.0760158316034682
"5.78","CDMPv535_ABMI",3606,3610,5,0.777777777777778,1.26781050330041,0.127345382073992
"5.79","CDMPv535_ABMI",3606,3610,5,0.787878787878788,1.41416749079628,0.19700305167706
"5.80","CDMPv535_ABMI",3606,3610,5,0.797979797979798,1.55582472531489,0.282167709255735
"5.81","CDMPv535_ABMI",3606,3610,5,0.808080808080808,1.68591974975338,0.375174337102164
"5.82","CDMPv535_ABMI",3606,3610,5,0.818181818181818,1.79820720941652,0.464120566991111
"5.83","CDMPv535_ABMI",3606,3610,5,0.828282828282828,1.8871676282863,0.535438152821732
"5.84","CDMPv535_ABMI",3606,3610,5,0.838383838383838,1.94819006812544,0.577225105228797
"5.85","CDMPv535_ABMI",3606,3610,5,0.848484848484849,1.97741310016294,0.582420522850837
"5.86","CDMPv535_ABMI",3606,3610,5,0.858585858585859,1.97399458383124,0.55073984918293
"5.87","CDMPv535_ABMI",3606,3610,5,0.868686868686869,1.93812192631511,0.488610161556729
"5.88","CDMPv535_ABMI",3606,3610,5,0.878787878787879,1.87135124495049,0.407137792522673
"5.89","CDMPv535_ABMI",3606,3610,5,0.888888888888889,1.77695551302388,0.318937332177502
"5.90","CDMPv535_ABMI",3606,3610,5,0.898989898989899,1.65994596913437,0.235125146060096
"5.91","CDMPv535_ABMI",3606,3610,5,0.909090909090909,1.52564822153298,0.163222468350611
"5.92","CDMPv535_ABMI",3606,3610,5,0.919191919191919,1.37967740073986,0.10665950070484
"5.93","CDMPv535_ABMI",3606,3610,5,0.929292929292929,1.22800964651179,0.0655295773029432
"5.94","CDMPv535_ABMI",3606,3610,5,0.939393939393939,1.07604725777242,0.0377742289116207
"5.95","CDMPv535_ABMI",3606,3610,5,0.94949494949495,0.928430818926004,0.0203736240717211
"5.96","CDMPv535_ABMI",3606,3610,5,0.95959595959596,0.789208161359955,0.0102481419945299
"5.97","CDMPv535_ABMI",3606,3610,5,0.96969696969697,0.661037861694317,0.00479085876367025
"5.98","CDMPv535_ABMI",3606,3610,5,0.97979797979798,0.545710534879786,0.00207600201646884
"5.99","CDMPv535_ABMI",3606,3610,5,0.98989898989899,0.444221005252489,0.000834444283260462
"5.100","CDMPv535_ABMI",3606,3610,5,1,0.356869360235874,0.000309279876861717
"6.1","CDMPv535_ABMI",3606,3610,6,0,0.00186281529697981,1.30940354603674e-06
"6.2","CDMPv535_ABMI",3606,3610,6,0.0101010101010101,0.00294688928239341,4.16959650032234e-06
"6.3","CDMPv535_ABMI",3606,3610,6,0.0202020202020202,0.00458928888275122,1.28335046807842e-05
"6.4","CDMPv535_ABMI",3606,3610,6,0.0303030303030303,0.00702779547247993,3.75621161268964e-05
"6.5","CDMPv535_ABMI",3606,3610,6,0.0404040404040404,0.0105682768699687,0.000104473160839561
"6.6","CDMPv535_ABMI",3606,3610,6,0.0505050505050505,0.015610474486045,0.000276327974806652
"6.7","CDMPv535_ABMI",3606,3610,6,0.0606060606060606,0.0226675262459207,0.000698230008891932
"6.8","CDMPv535_ABMI",3606,3610,6,0.0707070707070707,0.0323958428625838,0.00169251507526761
"6.9","CDMPv535_ABMI",3606,3610,6,0.0808080808080808,0.0454799627625961,0.00390458343937093
"6.10","CDMPv535_ABMI",3606,3610,6,0.0909090909090909,0.0627322849186989,0.00857926071214402
"6.11","CDMPv535_ABMI",3606,3610,6,0.101010101010101,0.0850320492436752,0.0179678741085622
"6.12","CDMPv535_ABMI",3606,3610,6,0.111111111111111,0.113410730674344,0.0360567705882276
"6.13","CDMPv535_ABMI",3606,3610,6,0.121212121212121,0.14865839693383,0.0691129772793006
"6.14","CDMPv535_ABMI",3606,3610,6,0.131313131313131,0.191498569744881,0.126366240962811
"6.15","CDMPv535_ABMI",3606,3610,6,0.141414141414141,0.242462862675367,0.220557865236108
"6.16","CDMPv535_ABMI",3606,3610,6,0.151515151515152,0.301860750229313,0.367844374179095
"6.17","CDMPv535_ABMI",3606,3610,6,0.161616161616162,0.3694948758391,0.587633781826879
"6.18","CDMPv535_ABMI",3606,3610,6,0.171717171717172,0.444564576326321,0.896889575208017
"6.19","CDMPv535_ABMI",3606,3610,6,0.181818181818182,0.525813583211179,1.3087252775793
"6.20","CDMPv535_ABMI",3606,3610,6,0.191919191919192,0.61142015112151,1.82682786763642
"6.21","CDMPv535_ABMI",3606,3610,6,0.202020202020202,0.698984078183814,2.44119809586607
"6.22","CDMPv535_ABMI",3606,3610,6,0.212121212121212,0.785568048607757,3.12280133121125
"6.23","CDMPv535_ABMI",3606,3610,6,0.222222222222222,0.86799894252956,3.8243745010725
"6.24","CDMPv535_ABMI",3606,3610,6,0.232323232323232,0.942965616164671,4.48572669144389
"6.25","CDMPv535_ABMI",3606,3610,6,0.242424242424242,1.00701095800372,5.04077651063418
"6.26","CDMPv535_ABMI",3606,3610,6,0.252525252525253,1.05725489959126,5.42514091474156
"6.27","CDMPv535_ABMI",3606,3610,6,0.262626262626263,1.09138882567291,5.59469075205586
"6.28","CDMPv535_ABMI",3606,3610,6,0.272727272727273,1.10776547603173,5.52957004033391
"6.29","CDMPv535_ABMI",3606,3610,6,0.282828282828283,1.10545057931916,5.23811819889929
"6.30","CDMPv535_ABMI",3606,3610,6,0.292929292929293,1.08451104472713,4.75497889881065
"6.31","CDMPv535_ABMI",3606,3610,6,0.303030303030303,1.04634225016701,4.13568052459448
"6.32","CDMPv535_ABMI",3606,3610,6,0.313131313131313,0.99293462389691,3.44751816279143
"6.33","CDMPv535_ABMI",3606,3610,6,0.323232323232323,0.927000172602964,2.75382120739332
"6.34","CDMPv535_ABMI",3606,3610,6,0.333333333333333,0.851666772348851,2.10718359127256
"6.35","CDMPv535_ABMI",3606,3610,6,0.343434343434343,0.770812816135741,1.54498809269439
"6.36","CDMPv535_ABMI",3606,3610,6,0.353535353535354,0.688176037697456,1.08543938474641
"6.37","CDMPv535_ABMI",3606,3610,6,0.363636363636364,0.607437818100972,0.730269470086697
"6.38","CDMPv535_ABMI",3606,3610,6,0.373737373737374,0.532195800895174,0.4703066025249
"6.39","CDMPv535_ABMI",3606,3610,6,0.383838383838384,0.465679456997816,0.289877705316521
"6.40","CDMPv535_ABMI",3606,3610,6,0.393939393939394,0.41063909112068,0.171680177977727
"6.41","CDMPv535_ABMI",3606,3610,6,0.404040404040404,0.369492356710886,0.0977600919964452
"6.42","CDMPv535_ABMI",3606,3610,6,0.414141414141414,0.344380996778308,0.0542881242767962
"6.43","CDMPv535_ABMI",3606,3610,6,0.424242424242424,0.3372296610079,0.0310488888963682
"6.44","CDMPv535_ABMI",3606,3610,6,0.434343434343434,0.349097591105938,0.021468981957745
"6.45","CDMPv535_ABMI",3606,3610,6,0.444444444444444,0.380954221316843,0.0221271184931355
"6.46","CDMPv535_ABMI",3606,3610,6,0.454545454545455,0.433367435028364,0.0323357014715663
"6.47","CDMPv535_ABMI",3606,3610,6,0.464646464646465,0.506815762288185,0.0538349788722744
"6.48","CDMPv535_ABMI",3606,3610,6,0.474747474747475,0.600428318686225,0.0903033458755144
"6.49","CDMPv535_ABMI",3606,3610,6,0.484848484848485,0.712903865928533,0.147236836935364
"6.50","CDMPv535_ABMI",3606,3610,6,0.494949494949495,0.842175755715044,0.230559140909848
"6.51","CDMPv535_ABMI",3606,3610,6,0.505050505050505,0.985382180811759,0.345968934832389
"6.52","CDMPv535_ABMI",3606,3610,6,0.515151515151515,1.13846854775681,0.497611323800135
"6.53","CDMPv535_ABMI",3606,3610,6,0.525252525252525,1.29644344064839,0.686557475718095
"6.54","CDMPv535_ABMI",3606,3610,6,0.535353535353535,1.45372908160992,0.909251560384237
"6.55","CDMPv535_ABMI",3606,3610,6,0.545454545454546,1.60420769581007,1.15558310442304
"6.56","CDMPv535_ABMI",3606,3610,6,0.555555555555556,1.74125425891739,1.41015324485324
"6.57","CDMPv535_ABMI",3606,3610,6,0.565656565656566,1.85896270862591,1.6529301506379
"6.58","CDMPv535_ABMI",3606,3610,6,0.575757575757576,1.95192252704819,1.86103846109496
"6.59","CDMPv535_ABMI",3606,3610,6,0.585858585858586,2.01575875685384,2.01266561582816
"6.60","CDMPv535_ABMI",3606,3610,6,0.595959595959596,2.04692452156183,2.09123469570557
"6.61","CDMPv535_ABMI",3606,3610,6,0.606060606060606,2.04447221698293,2.08751157005793
"6.62","CDMPv535_ABMI",3606,3610,6,0.616161616161616,2.00914617241447,2.00157368121923
"6.63","CDMPv535_ABMI",3606,3610,6,0.626262626262626,1.94332802485124,1.84209337445412
"6.64","CDMPv535_ABMI",3606,3610,6,0.636363636363636,1.850910675946,1.62778140822708
"6.65","CDMPv535_ABMI",3606,3610,6,0.646464646464647,1.73748879826763,1.38067053160151
"6.66","CDMPv535_ABMI",3606,3610,6,0.656565656565657,1.61009050091762,1.12361776622039
"6.67","CDMPv535_ABMI",3606,3610,6,0.666666666666667,1.47606392741604,0.877119156730172
"6.68","CDMPv535_ABMI",3606,3610,6,0.676767676767677,1.34301001765563,0.656900671232253
"6.69","CDMPv535_ABMI",3606,3610,6,0.686868686868687,1.21868998117663,0.471904223890264
"6.70","CDMPv535_ABMI",3606,3610,6,0.696969696969697,1.10989979126087,0.325355479963279
"6.71","CDMPv535_ABMI",3606,3610,6,0.707070707070707,1.02255989197183,0.215867356665553
"6.72","CDMPv535_ABMI",3606,3610,6,0.717171717171717,0.961410537078454,0.139419282338339
"6.73","CDMPv535_ABMI",3606,3610,6,0.727272727272727,0.930246093974472,0.090097025813664
"6.74","CDMPv535_ABMI",3606,3610,6,0.737373737373737,0.930706867949196,0.0624114860383449
"6.75","CDMPv535_ABMI",3606,3610,6,0.747474747474748,0.962656990025112,0.0520623354423555
"6.76","CDMPv535_ABMI",3606,3610,6,0.757575757575758,1.02455128560027,0.0561558112413439
"6.77","CDMPv535_ABMI",3606,3610,6,0.767676767676768,1.113362996072,0.0731415948012229
"6.78","CDMPv535_ABMI",3606,3610,6,0.777777777777778,1.22450785900714,0.101923723216623
"6.79","CDMPv535_ABMI",3606,3610,6,0.787878787878788,1.35150508418344,0.141614800409838
"6.80","CDMPv535_ABMI",3606,3610,6,0.797979797979798,1.4872730156704,0.190632263747705
"6.81","CDMPv535_ABMI",3606,3610,6,0.808080808080808,1.62404789848432,0.246162272252708
"6.82","CDMPv535_ABMI",3606,3610,6,0.818181818181818,1.75351854007588,0.303765165449378
"6.83","CDMPv535_ABMI",3606,3610,6,0.828282828282828,1.86784067183767,0.357819150573059
"6.84","CDMPv535_ABMI",3606,3610,6,0.838383838383838,1.95997909919034,0.402264810924229
"6.85","CDMPv535_ABMI",3606,3610,6,0.848484848484849,2.02407111250328,0.431579426953697
"6.86","CDMPv535_ABMI",3606,3610,6,0.858585858585859,2.05543401969467,0.441566620381412
"6.87","CDMPv535_ABMI",3606,3610,6,0.868686868686869,2.05165118412747,0.431064051321376
"6.88","CDMPv535_ABMI",3606,3610,6,0.878787878787879,2.01275180560239,0.401531976640818
"6.89","CDMPv535_ABMI",3606,3610,6,0.888888888888889,1.94038138402463,0.356847844560115
"6.90","CDMPv535_ABMI",3606,3610,6,0.898989898989899,1.8378810877197,0.302494957829693
"6.91","CDMPv535_ABMI",3606,3610,6,0.909090909090909,1.70987307213208,0.244594062703467
"6.92","CDMPv535_ABMI",3606,3610,6,0.919191919191919,1.56287041975176,0.188675311561218
"6.93","CDMPv535_ABMI",3606,3610,6,0.929292929292929,1.40334521221401,0.138804515679472
"6.94","CDMPv535_ABMI",3606,3610,6,0.939393939393939,1.23781229162546,0.0973537814799781
"6.95","CDMPv535_ABMI",3606,3610,6,0.94949494949495,1.07248635064571,0.0651586396449093
"6.96","CDMPv535_ABMI",3606,3610,6,0.95959595959596,0.91283967634799,0.0416073896027213
"6.97","CDMPv535_ABMI",3606,3610,6,0.96969696969697,0.76318106387184,0.0253253563222262
"6.98","CDMPv535_ABMI",3606,3610,6,0.97979797979798,0.626683317971031,0.0146861359613556
"6.99","CDMPv535_ABMI",3606,3610,6,0.98989898989899,0.505505905936879,0.00811229199617482
"6.100","CDMPv535_ABMI",3606,3610,6,1,0.400657307136276,0.00428788328294441
"7.1","CDMPv535_ABMI",3606,3610,7,0,0.000339634423006832,8.7252214165023e-14
"7.2","CDMPv535_ABMI",3606,3610,7,0.0101010101010101,0.00056593310006038,9.23283296497465e-13
"7.3","CDMPv535_ABMI",3606,3610,7,0.0202020202020202,0.000929063567363445,8.84381857737123e-12
"7.4","CDMPv535_ABMI",3606,3610,7,0.0303030303030303,0.00149779443773905,7.87251178598897e-11
"7.5","CDMPv535_ABMI",3606,3610,7,0.0404040404040404,0.00236911976325484,6.35601008671847e-10
"7.6","CDMPv535_ABMI",3606,3610,7,0.0505050505050505,0.00367906512992231,4.63755497289399e-09
"7.7","CDMPv535_ABMI",3606,3610,7,0.0606060606060606,0.00563108304615494,3.06546386640522e-08
"7.8","CDMPv535_ABMI",3606,3610,7,0.0707070707070707,0.008460119068795,1.83949247417601e-07
"7.9","CDMPv535_ABMI",3606,3610,7,0.0808080808080808,0.0124822796426019,1.00381582101212e-06
"7.10","CDMPv535_ABMI",3606,3610,7,0.0909090909090909,0.0181105928055902,4.98900960982207e-06
"7.11","CDMPv535_ABMI",3606,3610,7,0.101010101010101,0.0258632184422701,2.26114830661631e-05
"7.12","CDMPv535_ABMI",3606,3610,7,0.111111111111111,0.0362888188721103,9.37912072121982e-05
"7.13","CDMPv535_ABMI",3606,3610,7,0.121212121212121,0.0500458566785822,0.00035809723615764
"7.14","CDMPv535_ABMI",3606,3610,7,0.131313131313131,0.0679351966887795,0.00124561337947771
"7.15","CDMPv535_ABMI",3606,3610,7,0.141414141414141,0.0907250514838181,0.00395150500221596
"7.16","CDMPv535_ABMI",3606,3610,7,0.151515151515152,0.119143528727501,0.0114404357582658
"7.17","CDMPv535_ABMI",3606,3610,7,0.161616161616162,0.15390735770175,0.0302426301972826
"7.18","CDMPv535_ABMI",3606,3610,7,0.171717171717172,0.195790266256414,0.0730179462965282
"7.19","CDMPv535_ABMI",3606,3610,7,0.181818181818182,0.245073609576269,0.161066668528547
"7.20","CDMPv535_ABMI",3606,3610,7,0.191919191919192,0.301893466935123,0.324749340681626
"7.21","CDMPv535_ABMI",3606,3610,7,0.202020202020202,0.36611535588214,0.59956700815795
"7.22","CDMPv535_ABMI",3606,3610,7,0.212121212121212,0.437278199804354,1.01376358776423
"7.23","CDMPv535_ABMI",3606,3610,7,0.222222222222222,0.514256745571499,1.57275700327448
"7.24","CDMPv535_ABMI",3606,3610,7,0.232323232323232,0.595667897096836,2.24795737750889
"7.25","CDMPv535_ABMI",3606,3610,7,0.242424242424242,0.679759044839459,2.97700509282716
"7.26","CDMPv535_ABMI",3606,3610,7,0.252525252525253,0.764380901708344,3.67965099600817
"7.27","CDMPv535_ABMI",3606,3610,7,0.262626262626263,0.847215839689857,4.28074452341827
"7.28","CDMPv535_ABMI",3606,3610,7,0.272727272727273,0.925920785317455,4.72580934682392
"7.29","CDMPv535_ABMI",3606,3610,7,0.282828282828283,0.99808999703998,4.98110021345847
"7.30","CDMPv535_ABMI",3606,3610,7,0.292929292929293,1.06179826252615,5.02343297652965
"7.31","CDMPv535_ABMI",3606,3610,7,0.303030303030303,1.1155839574959,4.84278799161063
"7.32","CDMPv535_ABMI",3606,3610,7,0.313131313131313,1.15852571971802,4.44967245915645
"7.33","CDMPv535_ABMI",3606,3610,7,0.323232323232323,1.19018826052826,3.89060873266239
"7.34","CDMPv535_ABMI",3606,3610,7,0.333333333333333,1.21144947631764,3.24664550633492
"7.35","CDMPv535_ABMI",3606,3610,7,0.343434343434343,1.22369138465738,2.60990937345875
"7.36","CDMPv535_ABMI",3606,3610,7,0.353535353535354,1.22895670184337,2.05133727887537
"7.37","CDMPv535_ABMI",3606,3610,7,0.363636363636364,1.22995736352535,1.60085927613454
"7.38","CDMPv535_ABMI",3606,3610,7,0.373737373737374,1.22985034041522,1.25149893827439
"7.39","CDMPv535_ABMI",3606,3610,7,0.383838383838384,1.23180719467503,0.980068791730525
"7.40","CDMPv535_ABMI",3606,3610,7,0.393939393939394,1.23899083513957,0.769593222470085
"7.41","CDMPv535_ABMI",3606,3610,7,0.404040404040404,1.2540668392449,0.620265417655723
"7.42","CDMPv535_ABMI",3606,3610,7,0.414141414141414,1.27892713705041,0.54563380953942
"7.43","CDMPv535_ABMI",3606,3610,7,0.424242424242424,1.31465001011102,0.561834362345342
"7.44","CDMPv535_ABMI",3606,3610,7,0.434343434343434,1.36155142403687,0.676524829574922
"7.45","CDMPv535_ABMI",3606,3610,7,0.444444444444444,1.41834764642188,0.881781593366927
"7.46","CDMPv535_ABMI",3606,3610,7,0.454545454545455,1.48294589630877,1.15286111712204
"7.47","CDMPv535_ABMI",3606,3610,7,0.464646464646465,1.55237652390781,1.45358115360991
"7.48","CDMPv535_ABMI",3606,3610,7,0.474747474747475,1.62285225900474,1.74701323881866
"7.49","CDMPv535_ABMI",3606,3610,7,0.484848484848485,1.69012473178099,2.00777713302038
"7.50","CDMPv535_ABMI",3606,3610,7,0.494949494949495,1.74990156454325,2.2260754114259
"7.51","CDMPv535_ABMI",3606,3610,7,0.505050505050505,1.7978657959379,2.40099430473022
"7.52","CDMPv535_ABMI",3606,3610,7,0.515151515151515,1.83024917263565,2.52722508003899
"7.53","CDMPv535_ABMI",3606,3610,7,0.525252525252525,1.84431109123629,2.58647306021236
"7.54","CDMPv535_ABMI",3606,3610,7,0.535353535353535,1.83808027694074,2.55281720674795
"7.55","CDMPv535_ABMI",3606,3610,7,0.545454545454546,1.81019987213431,2.41012211444133
"7.56","CDMPv535_ABMI",3606,3610,7,0.555555555555556,1.76117487026114,2.16909641600876
"7.57","CDMPv535_ABMI",3606,3610,7,0.565656565656566,1.69237820051408,1.87055194572478
"7.58","CDMPv535_ABMI",3606,3610,7,0.575757575757576,1.60597860045677,1.56736618110172
"7.59","CDMPv535_ABMI",3606,3610,7,0.585858585858586,1.50473840391585,1.30155177365102
"7.60","CDMPv535_ABMI",3606,3610,7,0.595959595959596,1.39268332071749,1.08862574459539
"7.61","CDMPv535_ABMI",3606,3610,7,0.606060606060606,1.27382066608504,0.91847445598546
"7.62","CDMPv535_ABMI",3606,3610,7,0.616161616161616,1.1523694588763,0.769404757751801
"7.63","CDMPv535_ABMI",3606,3610,7,0.626262626262626,1.03269980252741,0.624392222585196
"7.64","CDMPv535_ABMI",3606,3610,7,0.636363636363636,0.91893722706583,0.479695104102317
"7.65","CDMPv535_ABMI",3606,3610,7,0.646464646464647,0.814923213449482,0.343179455281771
"7.66","CDMPv535_ABMI",3606,3610,7,0.656565656565657,0.724441141799409,0.226285218454045
"7.67","CDMPv535_ABMI",3606,3610,7,0.666666666666667,0.650593273106557,0.136705925428034
"7.68","CDMPv535_ABMI",3606,3610,7,0.676767676767677,0.595921559229074,0.075426653235951
"7.69","CDMPv535_ABMI",3606,3610,7,0.686868686868687,0.562608848624855,0.0379725631403542
"7.70","CDMPv535_ABMI",3606,3610,7,0.696969696969697,0.552888804708907,0.0175439411520429
"7.71","CDMPv535_ABMI",3606,3610,7,0.707070707070707,0.567312291574243,0.00780122991847255
"7.72","CDMPv535_ABMI",3606,3610,7,0.717171717171717,0.606201960274537,0.00434415108667776
"7.73","CDMPv535_ABMI",3606,3610,7,0.727272727272727,0.669284878217507,0.00509680839402536
"7.74","CDMPv535_ABMI",3606,3610,7,0.737373737373737,0.755547191748768,0.0100810899147655
"7.75","CDMPv535_ABMI",3606,3610,7,0.747474747474748,0.862253912179236,0.0211986528175566
"7.76","CDMPv535_ABMI",3606,3610,7,0.757575757575758,0.986153192126028,0.0418114677048262
"7.77","CDMPv535_ABMI",3606,3610,7,0.767676767676768,1.12312035660177,0.0760158316034682
"7.78","CDMPv535_ABMI",3606,3610,7,0.777777777777778,1.26781050330041,0.127345382073992
"7.79","CDMPv535_ABMI",3606,3610,7,0.787878787878788,1.41416749079628,0.19700305167706
"7.80","CDMPv535_ABMI",3606,3610,7,0.797979797979798,1.55582472531489,0.282167709255735
"7.81","CDMPv535_ABMI",3606,3610,7,0.808080808080808,1.68591974975338,0.375174337102164
"7.82","CDMPv535_ABMI",3606,3610,7,0.818181818181818,1.79820720941652,0.464120566991111
"7.83","CDMPv535_ABMI",3606,3610,7,0.828282828282828,1.8871676282863,0.535438152821732
"7.84","CDMPv535_ABMI",3606,3610,7,0.838383838383838,1.94819006812544,0.577225105228797
"7.85","CDMPv535_ABMI",3606,3610,7,0.848484848484849,1.97741310016294,0.582420522850837
"7.86","CDMPv535_ABMI",3606,3610,7,0.858585858585859,1.97399458383124,0.55073984918293
"7.87","CDMPv535_ABMI",3606,3610,7,0.868686868686869,1.93812192631511,0.488610161556729
"7.88","CDMPv535_ABMI",3606,3610,7,0.878787878787879,1.87135124495049,0.407137792522673
"7.89","CDMPv535_ABMI",3606,3610,7,0.888888888888889,1.77695551302388,0.318937332177502
"7.90","CDMPv535_ABMI",3606,3610,7,0.898989898989899,1.65994596913437,0.235125146060096
"7.91","CDMPv535_ABMI",3606,3610,7,0.909090909090909,1.52564822153298,0.163222468350611
"7.92","CDMPv535_ABMI",3606,3610,7,0.919191919191919,1.37967740073986,0.10665950070484
"7.93","CDMPv535_ABMI",3606,3610,7,0.929292929292929,1.22800964651179,0.0655295773029432
"7.94","CDMPv535_ABMI",3606,3610,7,0.939393939393939,1.07604725777242,0.0377742289116207
"7.95","CDMPv535_ABMI",3606,3610,7,0.94949494949495,0.928430818926004,0.0203736240717211
"7.96","CDMPv535_ABMI",3606,3610,7,0.95959595959596,0.789208161359955,0.0102481419945299
"7.97","CDMPv535_ABMI",3606,3610,7,0.96969696969697,0.661037861694317,0.00479085876367025
"7.98","CDMPv535_ABMI",3606,3610,7,0.97979797979798,0.545710534879786,0.00207600201646884
"7.99","CDMPv535_ABMI",3606,3610,7,0.98989898989899,0.444221005252489,0.000834444283260462
"7.100","CDMPv535_ABMI",3606,3610,7,1,0.356869360235874,0.000309279876861717
"8.1","CDMPv535_ABMI",3606,3610,8,0,0.00186281529697981,1.30940354603674e-06
"8.2","CDMPv535_ABMI",3606,3610,8,0.0101010101010101,0.00294688928239341,4.16959650032234e-06
"8.3","CDMPv535_ABMI",3606,3610,8,0.0202020202020202,0.00458928888275122,1.28335046807842e-05
"8.4","CDMPv535_ABMI",3606,3610,8,0.0303030303030303,0.00702779547247993,3.75621161268964e-05
"8.5","CDMPv535_ABMI",3606,3610,8,0.0404040404040404,0.0105682768699687,0.000104473160839561
"8.6","CDMPv535_ABMI",3606,3610,8,0.0505050505050505,0.015610474486045,0.000276327974806652
"8.7","CDMPv535_ABMI",3606,3610,8,0.0606060606060606,0.0226675262459207,0.000698230008891932
"8.8","CDMPv535_ABMI",3606,3610,8,0.0707070707070707,0.0323958428625838,0.00169251507526761
"8.9","CDMPv535_ABMI",3606,3610,8,0.0808080808080808,0.0454799627625961,0.00390458343937093
"8.10","CDMPv535_ABMI",3606,3610,8,0.0909090909090909,0.0627322849186989,0.00857926071214402
"8.11","CDMPv535_ABMI",3606,3610,8,0.101010101010101,0.0850320492436752,0.0179678741085622
"8.12","CDMPv535_ABMI",3606,3610,8,0.111111111111111,0.113410730674344,0.0360567705882276
"8.13","CDMPv535_ABMI",3606,3610,8,0.121212121212121,0.14865839693383,0.0691129772793006
"8.14","CDMPv535_ABMI",3606,3610,8,0.131313131313131,0.191498569744881,0.126366240962811
"8.15","CDMPv535_ABMI",3606,3610,8,0.141414141414141,0.242462862675367,0.220557865236108
"8.16","CDMPv535_ABMI",3606,3610,8,0.151515151515152,0.301860750229313,0.367844374179095
"8.17","CDMPv535_ABMI",3606,3610,8,0.161616161616162,0.3694948758391,0.587633781826879
"8.18","CDMPv535_ABMI",3606,3610,8,0.171717171717172,0.444564576326321,0.896889575208017
"8.19","CDMPv535_ABMI",3606,3610,8,0.181818181818182,0.525813583211179,1.3087252775793
"8.20","CDMPv535_ABMI",3606,3610,8,0.191919191919192,0.61142015112151,1.82682786763642
"8.21","CDMPv535_ABMI",3606,3610,8,0.202020202020202,0.698984078183814,2.44119809586607
"8.22","CDMPv535_ABMI",3606,3610,8,0.212121212121212,0.785568048607757,3.12280133121125
"8.23","CDMPv535_ABMI",3606,3610,8,0.222222222222222,0.86799894252956,3.8243745010725
"8.24","CDMPv535_ABMI",3606,3610,8,0.232323232323232,0.942965616164671,4.48572669144389
"8.25","CDMPv535_ABMI",3606,3610,8,0.242424242424242,1.00701095800372,5.04077651063418
"8.26","CDMPv535_ABMI",3606,3610,8,0.252525252525253,1.05725489959126,5.42514091474156
"8.27","CDMPv535_ABMI",3606,3610,8,0.262626262626263,1.09138882567291,5.59469075205586
"8.28","CDMPv535_ABMI",3606,3610,8,0.272727272727273,1.10776547603173,5.52957004033391
"8.29","CDMPv535_ABMI",3606,3610,8,0.282828282828283,1.10545057931916,5.23811819889929
"8.30","CDMPv535_ABMI",3606,3610,8,0.292929292929293,1.08451104472713,4.75497889881065
"8.31","CDMPv535_ABMI",3606,3610,8,0.303030303030303,1.04634225016701,4.13568052459448
"8.32","CDMPv535_ABMI",3606,3610,8,0.313131313131313,0.99293462389691,3.44751816279143
"8.33","CDMPv535_ABMI",3606,3610,8,0.323232323232323,0.927000172602964,2.75382120739332
"8.34","CDMPv535_ABMI",3606,3610,8,0.333333333333333,0.851666772348851,2.10718359127256
"8.35","CDMPv535_ABMI",3606,3610,8,0.343434343434343,0.770812816135741,1.54498809269439
"8.36","CDMPv535_ABMI",3606,3610,8,0.353535353535354,0.688176037697456,1.08543938474641
"8.37","CDMPv535_ABMI",3606,3610,8,0.363636363636364,0.607437818100972,0.730269470086697
"8.38","CDMPv535_ABMI",3606,3610,8,0.373737373737374,0.532195800895174,0.4703066025249
"8.39","CDMPv535_ABMI",3606,3610,8,0.383838383838384,0.465679456997816,0.289877705316521
"8.40","CDMPv535_ABMI",3606,3610,8,0.393939393939394,0.41063909112068,0.171680177977727
"8.41","CDMPv535_ABMI",3606,3610,8,0.404040404040404,0.369492356710886,0.0977600919964452
"8.42","CDMPv535_ABMI",3606,3610,8,0.414141414141414,0.344380996778308,0.0542881242767962
"8.43","CDMPv535_ABMI",3606,3610,8,0.424242424242424,0.3372296610079,0.0310488888963682
"8.44","CDMPv535_ABMI",3606,3610,8,0.434343434343434,0.349097591105938,0.021468981957745
"8.45","CDMPv535_ABMI",3606,3610,8,0.444444444444444,0.380954221316843,0.0221271184931355
"8.46","CDMPv535_ABMI",3606,3610,8,0.454545454545455,0.433367435028364,0.0323357014715663
"8.47","CDMPv535_ABMI",3606,3610,8,0.464646464646465,0.506815762288185,0.0538349788722744
"8.48","CDMPv535_ABMI",3606,3610,8,0.474747474747475,0.600428318686225,0.0903033458755144
"8.49","CDMPv535_ABMI",3606,3610,8,0.484848484848485,0.712903865928533,0.147236836935364
"8.50","CDMPv535_ABMI",3606,3610,8,0.494949494949495,0.842175755715044,0.230559140909848
"8.51","CDMPv535_ABMI",3606,3610,8,0.505050505050505,0.985382180811759,0.345968934832389
"8.52","CDMPv535_ABMI",3606,3610,8,0.515151515151515,1.13846854775681,0.497611323800135
"8.53","CDMPv535_ABMI",3606,3610,8,0.525252525252525,1.29644344064839,0.686557475718095
"8.54","CDMPv535_ABMI",3606,3610,8,0.535353535353535,1.45372908160992,0.909251560384237
"8.55","CDMPv535_ABMI",3606,3610,8,0.545454545454546,1.60420769581007,1.15558310442304
"8.56","CDMPv535_ABMI",3606,3610,8,0.555555555555556,1.74125425891739,1.41015324485324
"8.57","CDMPv535_ABMI",3606,3610,8,0.565656565656566,1.85896270862591,1.6529301506379
"8.58","CDMPv535_ABMI",3606,3610,8,0.575757575757576,1.95192252704819,1.86103846109496
"8.59","CDMPv535_ABMI",3606,3610,8,0.585858585858586,2.01575875685384,2.01266561582816
"8.60","CDMPv535_ABMI",3606,3610,8,0.595959595959596,2.04692452156183,2.09123469570557
"8.61","CDMPv535_ABMI",3606,3610,8,0.606060606060606,2.04447221698293,2.08751157005793
"8.62","CDMPv535_ABMI",3606,3610,8,0.616161616161616,2.00914617241447,2.00157368121923
"8.63","CDMPv535_ABMI",3606,3610,8,0.626262626262626,1.94332802485124,1.84209337445412
"8.64","CDMPv535_ABMI",3606,3610,8,0.636363636363636,1.850910675946,1.62778140822708
"8.65","CDMPv535_ABMI",3606,3610,8,0.646464646464647,1.73748879826763,1.38067053160151
"8.66","CDMPv535_ABMI",3606,3610,8,0.656565656565657,1.61009050091762,1.12361776622039
"8.67","CDMPv535_ABMI",3606,3610,8,0.666666666666667,1.47606392741604,0.877119156730172
"8.68","CDMPv535_ABMI",3606,3610,8,0.676767676767677,1.34301001765563,0.656900671232253
"8.69","CDMPv535_ABMI",3606,3610,8,0.686868686868687,1.21868998117663,0.471904223890264
"8.70","CDMPv535_ABMI",3606,3610,8,0.696969696969697,1.10989979126087,0.325355479963279
"8.71","CDMPv535_ABMI",3606,3610,8,0.707070707070707,1.02255989197183,0.215867356665553
"8.72","CDMPv535_ABMI",3606,3610,8,0.717171717171717,0.961410537078454,0.139419282338339
"8.73","CDMPv535_ABMI",3606,3610,8,0.727272727272727,0.930246093974472,0.090097025813664
"8.74","CDMPv535_ABMI",3606,3610,8,0.737373737373737,0.930706867949196,0.0624114860383449
"8.75","CDMPv535_ABMI",3606,3610,8,0.747474747474748,0.962656990025112,0.0520623354423555
"8.76","CDMPv535_ABMI",3606,3610,8,0.757575757575758,1.02455128560027,0.0561558112413439
"8.77","CDMPv535_ABMI",3606,3610,8,0.767676767676768,1.113362996072,0.0731415948012229
"8.78","CDMPv535_ABMI",3606,3610,8,0.777777777777778,1.22450785900714,0.101923723216623
"8.79","CDMPv535_ABMI",3606,3610,8,0.787878787878788,1.35150508418344,0.141614800409838
"8.80","CDMPv535_ABMI",3606,3610,8,0.797979797979798,1.4872730156704,0.190632263747705
"8.81","CDMPv535_ABMI",3606,3610,8,0.808080808080808,1.62404789848432,0.246162272252708
"8.82","CDMPv535_ABMI",3606,3610,8,0.818181818181818,1.75351854007588,0.303765165449378
"8.83","CDMPv535_ABMI",3606,3610,8,0.828282828282828,1.86784067183767,0.357819150573059
"8.84","CDMPv535_ABMI",3606,3610,8,0.838383838383838,1.95997909919034,0.402264810924229
"8.85","CDMPv535_ABMI",3606,3610,8,0.848484848484849,2.02407111250328,0.431579426953697
"8.86","CDMPv535_ABMI",3606,3610,8,0.858585858585859,2.05543401969467,0.441566620381412
"8.87","CDMPv535_ABMI",3606,3610,8,0.868686868686869,2.05165118412747,0.431064051321376
"8.88","CDMPv535_ABMI",3606,3610,8,0.878787878787879,2.01275180560239,0.401531976640818
"8.89","CDMPv535_ABMI",3606,3610,8,0.888888888888889,1.94038138402463,0.356847844560115
"8.90","CDMPv535_ABMI",3606,3610,8,0.898989898989899,1.8378810877197,0.302494957829693
"8.91","CDMPv535_ABMI",3606,3610,8,0.909090909090909,1.70987307213208,0.244594062703467
"8.92","CDMPv535_ABMI",3606,3610,8,0.919191919191919,1.56287041975176,0.188675311561218
"8.93","CDMPv535_ABMI",3606,3610,8,0.929292929292929,1.40334521221401,0.138804515679472
"8.94","CDMPv535_ABMI",3606,3610,8,0.939393939393939,1.23781229162546,0.0973537814799781
"8.95","CDMPv535_ABMI",3606,3610,8,0.94949494949495,1.07248635064571,0.0651586396449093
"8.96","CDMPv535_ABMI",3606,3610,8,0.95959595959596,0.91283967634799,0.0416073896027213
"8.97","CDMPv535_ABMI",3606,3610,8,0.96969696969697,0.76318106387184,0.0253253563222262
"8.98","CDMPv535_ABMI",3606,3610,8,0.97979797979798,0.626683317971031,0.0146861359613556
"8.99","CDMPv535_ABMI",3606,3610,8,0.98989898989899,0.505505905936879,0.00811229199617482
"8.100","CDMPv535_ABMI",3606,3610,8,1,0.400657307136276,0.00428788328294441
"9.1","CDMPv535_ABMI",3606,3610,9,0,0.00186281529697981,1.30940354603674e-06
"9.2","CDMPv535_ABMI",3606,3610,9,0.0101010101010101,0.00294688928239341,4.16959650032234e-06
"9.3","CDMPv535_ABMI",3606,3610,9,0.0202020202020202,0.00458928888275122,1.28335046807842e-05
"9.4","CDMPv535_ABMI",3606,3610,9,0.0303030303030303,0.00702779547247993,3.75621161268964e-05
"9.5","CDMPv535_ABMI",3606,3610,9,0.0404040404040404,0.0105682768699687,0.000104473160839561
"9.6","CDMPv535_ABMI",3606,3610,9,0.0505050505050505,0.015610474486045,0.000276327974806652
"9.7","CDMPv535_ABMI",3606,3610,9,0.0606060606060606,0.0226675262459207,0.000698230008891932
"9.8","CDMPv535_ABMI",3606,3610,9,0.0707070707070707,0.0323958428625838,0.00169251507526761
"9.9","CDMPv535_ABMI",3606,3610,9,0.0808080808080808,0.0454799627625961,0.00390458343937093
"9.10","CDMPv535_ABMI",3606,3610,9,0.0909090909090909,0.0627322849186989,0.00857926071214402
"9.11","CDMPv535_ABMI",3606,3610,9,0.101010101010101,0.0850320492436752,0.0179678741085622
"9.12","CDMPv535_ABMI",3606,3610,9,0.111111111111111,0.113410730674344,0.0360567705882276
"9.13","CDMPv535_ABMI",3606,3610,9,0.121212121212121,0.14865839693383,0.0691129772793006
"9.14","CDMPv535_ABMI",3606,3610,9,0.131313131313131,0.191498569744881,0.126366240962811
"9.15","CDMPv535_ABMI",3606,3610,9,0.141414141414141,0.242462862675367,0.220557865236108
"9.16","CDMPv535_ABMI",3606,3610,9,0.151515151515152,0.301860750229313,0.367844374179095
"9.17","CDMPv535_ABMI",3606,3610,9,0.161616161616162,0.3694948758391,0.587633781826879
"9.18","CDMPv535_ABMI",3606,3610,9,0.171717171717172,0.444564576326321,0.896889575208017
"9.19","CDMPv535_ABMI",3606,3610,9,0.181818181818182,0.525813583211179,1.3087252775793
"9.20","CDMPv535_ABMI",3606,3610,9,0.191919191919192,0.61142015112151,1.82682786763642
"9.21","CDMPv535_ABMI",3606,3610,9,0.202020202020202,0.698984078183814,2.44119809586607
"9.22","CDMPv535_ABMI",3606,3610,9,0.212121212121212,0.785568048607757,3.12280133121125
"9.23","CDMPv535_ABMI",3606,3610,9,0.222222222222222,0.86799894252956,3.8243745010725
"9.24","CDMPv535_ABMI",3606,3610,9,0.232323232323232,0.942965616164671,4.48572669144389
"9.25","CDMPv535_ABMI",3606,3610,9,0.242424242424242,1.00701095800372,5.04077651063418
"9.26","CDMPv535_ABMI",3606,3610,9,0.252525252525253,1.05725489959126,5.42514091474156
"9.27","CDMPv535_ABMI",3606,3610,9,0.262626262626263,1.09138882567291,5.59469075205586
"9.28","CDMPv535_ABMI",3606,3610,9,0.272727272727273,1.10776547603173,5.52957004033391
"9.29","CDMPv535_ABMI",3606,3610,9,0.282828282828283,1.10545057931916,5.23811819889929
"9.30","CDMPv535_ABMI",3606,3610,9,0.292929292929293,1.08451104472713,4.75497889881065
"9.31","CDMPv535_ABMI",3606,3610,9,0.303030303030303,1.04634225016701,4.13568052459448
"9.32","CDMPv535_ABMI",3606,3610,9,0.313131313131313,0.99293462389691,3.44751816279143
"9.33","CDMPv535_ABMI",3606,3610,9,0.323232323232323,0.927000172602964,2.75382120739332
"9.34","CDMPv535_ABMI",3606,3610,9,0.333333333333333,0.851666772348851,2.10718359127256
"9.35","CDMPv535_ABMI",3606,3610,9,0.343434343434343,0.770812816135741,1.54498809269439
"9.36","CDMPv535_ABMI",3606,3610,9,0.353535353535354,0.688176037697456,1.08543938474641
"9.37","CDMPv535_ABMI",3606,3610,9,0.363636363636364,0.607437818100972,0.730269470086697
"9.38","CDMPv535_ABMI",3606,3610,9,0.373737373737374,0.532195800895174,0.4703066025249
"9.39","CDMPv535_ABMI",3606,3610,9,0.383838383838384,0.465679456997816,0.289877705316521
"9.40","CDMPv535_ABMI",3606,3610,9,0.393939393939394,0.41063909112068,0.171680177977727
"9.41","CDMPv535_ABMI",3606,3610,9,0.404040404040404,0.369492356710886,0.0977600919964452
"9.42","CDMPv535_ABMI",3606,3610,9,0.414141414141414,0.344380996778308,0.0542881242767962
"9.43","CDMPv535_ABMI",3606,3610,9,0.424242424242424,0.3372296610079,0.0310488888963682
"9.44","CDMPv535_ABMI",3606,3610,9,0.434343434343434,0.349097591105938,0.021468981957745
"9.45","CDMPv535_ABMI",3606,3610,9,0.444444444444444,0.380954221316843,0.0221271184931355
"9.46","CDMPv535_ABMI",3606,3610,9,0.454545454545455,0.433367435028364,0.0323357014715663
"9.47","CDMPv535_ABMI",3606,3610,9,0.464646464646465,0.506815762288185,0.0538349788722744
"9.48","CDMPv535_ABMI",3606,3610,9,0.474747474747475,0.600428318686225,0.0903033458755144
"9.49","CDMPv535_ABMI",3606,3610,9,0.484848484848485,0.712903865928533,0.147236836935364
"9.50","CDMPv535_ABMI",3606,3610,9,0.494949494949495,0.842175755715044,0.230559140909848
"9.51","CDMPv535_ABMI",3606,3610,9,0.505050505050505,0.985382180811759,0.345968934832389
"9.52","CDMPv535_ABMI",3606,3610,9,0.515151515151515,1.13846854775681,0.497611323800135
"9.53","CDMPv535_ABMI",3606,3610,9,0.525252525252525,1.29644344064839,0.686557475718095
"9.54","CDMPv535_ABMI",3606,3610,9,0.535353535353535,1.45372908160992,0.909251560384237
"9.55","CDMPv535_ABMI",3606,3610,9,0.545454545454546,1.60420769581007,1.15558310442304
"9.56","CDMPv535_ABMI",3606,3610,9,0.555555555555556,1.74125425891739,1.41015324485324
"9.57","CDMPv535_ABMI",3606,3610,9,0.565656565656566,1.85896270862591,1.6529301506379
"9.58","CDMPv535_ABMI",3606,3610,9,0.575757575757576,1.95192252704819,1.86103846109496
"9.59","CDMPv535_ABMI",3606,3610,9,0.585858585858586,2.01575875685384,2.01266561582816
"9.60","CDMPv535_ABMI",3606,3610,9,0.595959595959596,2.04692452156183,2.09123469570557
"9.61","CDMPv535_ABMI",3606,3610,9,0.606060606060606,2.04447221698293,2.08751157005793
"9.62","CDMPv535_ABMI",3606,3610,9,0.616161616161616,2.00914617241447,2.00157368121923
"9.63","CDMPv535_ABMI",3606,3610,9,0.626262626262626,1.94332802485124,1.84209337445412
"9.64","CDMPv535_ABMI",3606,3610,9,0.636363636363636,1.850910675946,1.62778140822708
"9.65","CDMPv535_ABMI",3606,3610,9,0.646464646464647,1.73748879826763,1.38067053160151
"9.66","CDMPv535_ABMI",3606,3610,9,0.656565656565657,1.61009050091762,1.12361776622039
"9.67","CDMPv535_ABMI",3606,3610,9,0.666666666666667,1.47606392741604,0.877119156730172
"9.68","CDMPv535_ABMI",3606,3610,9,0.676767676767677,1.34301001765563,0.656900671232253
"9.69","CDMPv535_ABMI",3606,3610,9,0.686868686868687,1.21868998117663,0.471904223890264
"9.70","CDMPv535_ABMI",3606,3610,9,0.696969696969697,1.10989979126087,0.325355479963279
"9.71","CDMPv535_ABMI",3606,3610,9,0.707070707070707,1.02255989197183,0.215867356665553
"9.72","CDMPv535_ABMI",3606,3610,9,0.717171717171717,0.961410537078454,0.139419282338339
"9.73","CDMPv535_ABMI",3606,3610,9,0.727272727272727,0.930246093974472,0.090097025813664
"9.74","CDMPv535_ABMI",3606,3610,9,0.737373737373737,0.930706867949196,0.0624114860383449
"9.75","CDMPv535_ABMI",3606,3610,9,0.747474747474748,0.962656990025112,0.0520623354423555
"9.76","CDMPv535_ABMI",3606,3610,9,0.757575757575758,1.02455128560027,0.0561558112413439
"9.77","CDMPv535_ABMI",3606,3610,9,0.767676767676768,1.113362996072,0.0731415948012229
"9.78","CDMPv535_ABMI",3606,3610,9,0.777777777777778,1.22450785900714,0.101923723216623
"9.79","CDMPv535_ABMI",3606,3610,9,0.787878787878788,1.35150508418344,0.141614800409838
"9.80","CDMPv535_ABMI",3606,3610,9,0.797979797979798,1.4872730156704,0.190632263747705
"9.81","CDMPv535_ABMI",3606,3610,9,0.808080808080808,1.62404789848432,0.246162272252708
"9.82","CDMPv535_ABMI",3606,3610,9,0.818181818181818,1.75351854007588,0.303765165449378
"9.83","CDMPv535_ABMI",3606,3610,9,0.828282828282828,1.86784067183767,0.357819150573059
"9.84","CDMPv535_ABMI",3606,3610,9,0.838383838383838,1.95997909919034,0.402264810924229
"9.85","CDMPv535_ABMI",3606,3610,9,0.848484848484849,2.02407111250328,0.431579426953697
"9.86","CDMPv535_ABMI",3606,3610,9,0.858585858585859,2.05543401969467,0.441566620381412
"9.87","CDMPv535_ABMI",3606,3610,9,0.868686868686869,2.05165118412747,0.431064051321376
"9.88","CDMPv535_ABMI",3606,3610,9,0.878787878787879,2.01275180560239,0.401531976640818
"9.89","CDMPv535_ABMI",3606,3610,9,0.888888888888889,1.94038138402463,0.356847844560115
"9.90","CDMPv535_ABMI",3606,3610,9,0.898989898989899,1.8378810877197,0.302494957829693
"9.91","CDMPv535_ABMI",3606,3610,9,0.909090909090909,1.70987307213208,0.244594062703467
"9.92","CDMPv535_ABMI",3606,3610,9,0.919191919191919,1.56287041975176,0.188675311561218
"9.93","CDMPv535_ABMI",3606,3610,9,0.929292929292929,1.40334521221401,0.138804515679472
"9.94","CDMPv535_ABMI",3606,3610,9,0.939393939393939,1.23781229162546,0.0973537814799781
"9.95","CDMPv535_ABMI",3606,3610,9,0.94949494949495,1.07248635064571,0.0651586396449093
"9.96","CDMPv535_ABMI",3606,3610,9,0.95959595959596,0.91283967634799,0.0416073896027213
"9.97","CDMPv535_ABMI",3606,3610,9,0.96969696969697,0.76318106387184,0.0253253563222262
"9.98","CDMPv535_ABMI",3606,3610,9,0.97979797979798,0.626683317971031,0.0146861359613556
"9.99","CDMPv535_ABMI",3606,3610,9,0.98989898989899,0.505505905936879,0.00811229199617482
"9.100","CDMPv535_ABMI",3606,3610,9,1,0.400657307136276,0.00428788328294441
"10.1","CDMPv535_ABMI",3606,3610,10,0,0.00186281529697981,1.30940354603674e-06
"10.2","CDMPv535_ABMI",3606,3610,10,0.0101010101010101,0.00294688928239341,4.16959650032234e-06
"10.3","CDMPv535_ABMI",3606,3610,10,0.0202020202020202,0.00458928888275122,1.28335046807842e-05
"10.4","CDMPv535_ABMI",3606,3610,10,0.0303030303030303,0.00702779547247993,3.75621161268964e-05
"10.5","CDMPv535_ABMI",3606,3610,10,0.0404040404040404,0.0105682768699687,0.000104473160839561
"10.6","CDMPv535_ABMI",3606,3610,10,0.0505050505050505,0.015610474486045,0.000276327974806652
"10.7","CDMPv535_ABMI",3606,3610,10,0.0606060606060606,0.0226675262459207,0.000698230008891932
"10.8","CDMPv535_ABMI",3606,3610,10,0.0707070707070707,0.0323958428625838,0.00169251507526761
"10.9","CDMPv535_ABMI",3606,3610,10,0.0808080808080808,0.0454799627625961,0.00390458343937093
"10.10","CDMPv535_ABMI",3606,3610,10,0.0909090909090909,0.0627322849186989,0.00857926071214402
"10.11","CDMPv535_ABMI",3606,3610,10,0.101010101010101,0.0850320492436752,0.0179678741085622
"10.12","CDMPv535_ABMI",3606,3610,10,0.111111111111111,0.113410730674344,0.0360567705882276
"10.13","CDMPv535_ABMI",3606,3610,10,0.121212121212121,0.14865839693383,0.0691129772793006
"10.14","CDMPv535_ABMI",3606,3610,10,0.131313131313131,0.191498569744881,0.126366240962811
"10.15","CDMPv535_ABMI",3606,3610,10,0.141414141414141,0.242462862675367,0.220557865236108
"10.16","CDMPv535_ABMI",3606,3610,10,0.151515151515152,0.301860750229313,0.367844374179095
"10.17","CDMPv535_ABMI",3606,3610,10,0.161616161616162,0.3694948758391,0.587633781826879
"10.18","CDMPv535_ABMI",3606,3610,10,0.171717171717172,0.444564576326321,0.896889575208017
"10.19","CDMPv535_ABMI",3606,3610,10,0.181818181818182,0.525813583211179,1.3087252775793
"10.20","CDMPv535_ABMI",3606,3610,10,0.191919191919192,0.61142015112151,1.82682786763642
"10.21","CDMPv535_ABMI",3606,3610,10,0.202020202020202,0.698984078183814,2.44119809586607
"10.22","CDMPv535_ABMI",3606,3610,10,0.212121212121212,0.785568048607757,3.12280133121125
"10.23","CDMPv535_ABMI",3606,3610,10,0.222222222222222,0.86799894252956,3.8243745010725
"10.24","CDMPv535_ABMI",3606,3610,10,0.232323232323232,0.942965616164671,4.48572669144389
"10.25","CDMPv535_ABMI",3606,3610,10,0.242424242424242,1.00701095800372,5.04077651063418
"10.26","CDMPv535_ABMI",3606,3610,10,0.252525252525253,1.05725489959126,5.42514091474156
"10.27","CDMPv535_ABMI",3606,3610,10,0.262626262626263,1.09138882567291,5.59469075205586
"10.28","CDMPv535_ABMI",3606,3610,10,0.272727272727273,1.10776547603173,5.52957004033391
"10.29","CDMPv535_ABMI",3606,3610,10,0.282828282828283,1.10545057931916,5.23811819889929
"10.30","CDMPv535_ABMI",3606,3610,10,0.292929292929293,1.08451104472713,4.75497889881065
"10.31","CDMPv535_ABMI",3606,3610,10,0.303030303030303,1.04634225016701,4.13568052459448
"10.32","CDMPv535_ABMI",3606,3610,10,0.313131313131313,0.99293462389691,3.44751816279143
"10.33","CDMPv535_ABMI",3606,3610,10,0.323232323232323,0.927000172602964,2.75382120739332
"10.34","CDMPv535_ABMI",3606,3610,10,0.333333333333333,0.851666772348851,2.10718359127256
"10.35","CDMPv535_ABMI",3606,3610,10,0.343434343434343,0.770812816135741,1.54498809269439
"10.36","CDMPv535_ABMI",3606,3610,10,0.353535353535354,0.688176037697456,1.08543938474641
"10.37","CDMPv535_ABMI",3606,3610,10,0.363636363636364,0.607437818100972,0.730269470086697
"10.38","CDMPv535_ABMI",3606,3610,10,0.373737373737374,0.532195800895174,0.4703066025249
"10.39","CDMPv535_ABMI",3606,3610,10,0.383838383838384,0.465679456997816,0.289877705316521
"10.40","CDMPv535_ABMI",3606,3610,10,0.393939393939394,0.41063909112068,0.171680177977727
"10.41","CDMPv535_ABMI",3606,3610,10,0.404040404040404,0.369492356710886,0.0977600919964452
"10.42","CDMPv535_ABMI",3606,3610,10,0.414141414141414,0.344380996778308,0.0542881242767962
"10.43","CDMPv535_ABMI",3606,3610,10,0.424242424242424,0.3372296610079,0.0310488888963682
"10.44","CDMPv535_ABMI",3606,3610,10,0.434343434343434,0.349097591105938,0.021468981957745
"10.45","CDMPv535_ABMI",3606,3610,10,0.444444444444444,0.380954221316843,0.0221271184931355
"10.46","CDMPv535_ABMI",3606,3610,10,0.454545454545455,0.433367435028364,0.0323357014715663
"10.47","CDMPv535_ABMI",3606,3610,10,0.464646464646465,0.506815762288185,0.0538349788722744
"10.48","CDMPv535_ABMI",3606,3610,10,0.474747474747475,0.600428318686225,0.0903033458755144
"10.49","CDMPv535_ABMI",3606,3610,10,0.484848484848485,0.712903865928533,0.147236836935364
"10.50","CDMPv535_ABMI",3606,3610,10,0.494949494949495,0.842175755715044,0.230559140909848
"10.51","CDMPv535_ABMI",3606,3610,10,0.505050505050505,0.985382180811759,0.345968934832389
"10.52","CDMPv535_ABMI",3606,3610,10,0.515151515151515,1.13846854775681,0.497611323800135
"10.53","CDMPv535_ABMI",3606,3610,10,0.525252525252525,1.29644344064839,0.686557475718095
"10.54","CDMPv535_ABMI",3606,3610,10,0.535353535353535,1.45372908160992,0.909251560384237
"10.55","CDMPv535_ABMI",3606,3610,10,0.545454545454546,1.60420769581007,1.15558310442304
"10.56","CDMPv535_ABMI",3606,3610,10,0.555555555555556,1.74125425891739,1.41015324485324
"10.57","CDMPv535_ABMI",3606,3610,10,0.565656565656566,1.85896270862591,1.6529301506379
"10.58","CDMPv535_ABMI",3606,3610,10,0.575757575757576,1.95192252704819,1.86103846109496
"10.59","CDMPv535_ABMI",3606,3610,10,0.585858585858586,2.01575875685384,2.01266561582816
"10.60","CDMPv535_ABMI",3606,3610,10,0.595959595959596,2.04692452156183,2.09123469570557
"10.61","CDMPv535_ABMI",3606,3610,10,0.606060606060606,2.04447221698293,2.08751157005793
"10.62","CDMPv535_ABMI",3606,3610,10,0.616161616161616,2.00914617241447,2.00157368121923
"10.63","CDMPv535_ABMI",3606,3610,10,0.626262626262626,1.94332802485124,1.84209337445412
"10.64","CDMPv535_ABMI",3606,3610,10,0.636363636363636,1.850910675946,1.62778140822708
"10.65","CDMPv535_ABMI",3606,3610,10,0.646464646464647,1.73748879826763,1.38067053160151
"10.66","CDMPv535_ABMI",3606,3610,10,0.656565656565657,1.61009050091762,1.12361776622039
"10.67","CDMPv535_ABMI",3606,3610,10,0.666666666666667,1.47606392741604,0.877119156730172
"10.68","CDMPv535_ABMI",3606,3610,10,0.676767676767677,1.34301001765563,0.656900671232253
"10.69","CDMPv535_ABMI",3606,3610,10,0.686868686868687,1.21868998117663,0.471904223890264
"10.70","CDMPv535_ABMI",3606,3610,10,0.696969696969697,1.10989979126087,0.325355479963279
"10.71","CDMPv535_ABMI",3606,3610,10,0.707070707070707,1.02255989197183,0.215867356665553
"10.72","CDMPv535_ABMI",3606,3610,10,0.717171717171717,0.961410537078454,0.139419282338339
"10.73","CDMPv535_ABMI",3606,3610,10,0.727272727272727,0.930246093974472,0.090097025813664
"10.74","CDMPv535_ABMI",3606,3610,10,0.737373737373737,0.930706867949196,0.0624114860383449
"10.75","CDMPv535_ABMI",3606,3610,10,0.747474747474748,0.962656990025112,0.0520623354423555
"10.76","CDMPv535_ABMI",3606,3610,10,0.757575757575758,1.02455128560027,0.0561558112413439
"10.77","CDMPv535_ABMI",3606,3610,10,0.767676767676768,1.113362996072,0.0731415948012229
"10.78","CDMPv535_ABMI",3606,3610,10,0.777777777777778,1.22450785900714,0.101923723216623
"10.79","CDMPv535_ABMI",3606,3610,10,0.787878787878788,1.35150508418344,0.141614800409838
"10.80","CDMPv535_ABMI",3606,3610,10,0.797979797979798,1.4872730156704,0.190632263747705
"10.81","CDMPv535_ABMI",3606,3610,10,0.808080808080808,1.62404789848432,0.246162272252708
"10.82","CDMPv535_ABMI",3606,3610,10,0.818181818181818,1.75351854007588,0.303765165449378
"10.83","CDMPv535_ABMI",3606,3610,10,0.828282828282828,1.86784067183767,0.357819150573059
"10.84","CDMPv535_ABMI",3606,3610,10,0.838383838383838,1.95997909919034,0.402264810924229
"10.85","CDMPv535_ABMI",3606,3610,10,0.848484848484849,2.02407111250328,0.431579426953697
"10.86","CDMPv535_ABMI",3606,3610,10,0.858585858585859,2.05543401969467,0.441566620381412
"10.87","CDMPv535_ABMI",3606,3610,10,0.868686868686869,2.05165118412747,0.431064051321376
"10.88","CDMPv535_ABMI",3606,3610,10,0.878787878787879,2.01275180560239,0.401531976640818
"10.89","CDMPv535_ABMI",3606,3610,10,0.888888888888889,1.94038138402463,0.356847844560115
"10.90","CDMPv535_ABMI",3606,3610,10,0.898989898989899,1.8378810877197,0.302494957829693
"10.91","CDMPv535_ABMI",3606,3610,10,0.909090909090909,1.70987307213208,0.244594062703467
"10.92","CDMPv535_ABMI",3606,3610,10,0.919191919191919,1.56287041975176,0.188675311561218
"10.93","CDMPv535_ABMI",3606,3610,10,0.929292929292929,1.40334521221401,0.138804515679472
"10.94","CDMPv535_ABMI",3606,3610,10,0.939393939393939,1.23781229162546,0.0973537814799781
"10.95","CDMPv535_ABMI",3606,3610,10,0.94949494949495,1.07248635064571,0.0651586396449093
"10.96","CDMPv535_ABMI",3606,3610,10,0.95959595959596,0.91283967634799,0.0416073896027213
"10.97","CDMPv535_ABMI",3606,3610,10,0.96969696969697,0.76318106387184,0.0253253563222262
"10.98","CDMPv535_ABMI",3606,3610,10,0.97979797979798,0.626683317971031,0.0146861359613556
"10.99","CDMPv535_ABMI",3606,3610,10,0.98989898989899,0.505505905936879,0.00811229199617482
"10.100","CDMPv535_ABMI",3606,3610,10,1,0.400657307136276,0.00428788328294441
